Workbook

Sheet Read me
A1: RESEARCHER ONLY: DO NOT SHARE WITH RATERS
A2: Blinding: in each booklet the original scene is shown as Version A or Version B according to sheet 'Blinding key' (balanced 13 A / 12 B, seed 42).
A3: 1. When a rater file comes back, copy its 'Ratings' cells D3:U27 into the same cells of sheet R1, R2 or R3 (Paste Special > Values), and type the rater's booklet language in cell B30 of that sheet.
A4: 2. 'Features' decodes A/B into original/rewrite for every pair × feature and compares the human means with Qwen. 'Quality' does the same for coherence, acceptability and the Same/Partly/Different items.
A5: 3. 'Summary' shows the main results. Correlations and inter-rater reliability are computed by the analysis script.

Sheet Blinding key
A1: Pair | B1: Pair ID | C1: Film | D1: Task | E1: Scene position | F1: Target feature | G1: Original shown as | H1: Rewrite shown as
A2: 01 | B2: HE-e303ecb81cfd | C2: Ghostbusters II | D2: v5_T0108 | E2: 7 | F2: Dialogue Density | G2: B | H2: A
A3: 02 | B3: HE-cb4843e61769 | C3: Ghostbusters II | D3: v5_T0108 | E3: 9 | F3: Dialogue Density | G3: A | H3: B
A4: 03 | B4: HE-41d39a1b0d34 | C4: Ghostbusters II | D4: v5_T0108 | E4: 1 | F4: Dialogue Density | G4: A | H4: B
A5: 04 | B5: HE-f3e48b301237 | C5: The Private Life of Sherlock Holmes | D5: v5_T0129 | E5: 6 | F5: Action Density | G5: B | H5: A
A6: 05 | B6: HE-9b53a614098d | C6: The Private Life of Sherlock Holmes | D6: v5_T0129 | E6: 7 | F6: Action Density | G6: B | H6: A
A7: 06 | B7: HE-02976e0045d3 | C7: Ghostbusters II | D7: v5_T0108 | E7: 4 | F7: Dialogue Density | G7: A | H7: B
A8: 07 | B8: HE-774e675404e7 | C8: Ghostbusters II | D8: v5_T0108 | E8: 5 | F8: Dialogue Density | G8: A | H8: B
A9: 08 | B9: HE-14dd09a43c06 | C9: Dog Day Afternoon | D9: v5_T0165 | E9: 1 | F9: Character Interaction | G9: A | H9: B
A10: 09 | B10: HE-45a1ac107489 | C10: Ghostbusters II | D10: v5_T0108 | E10: 11 | F10: Dialogue Density | G10: B | H10: A
A11: 10 | B11: HE-6afe294dcb70 | C11: The Private Life of Sherlock Holmes | D11: v5_T0129 | E11: 2 | F11: Action Density | G11: B | H11: A
A12: 11 | B12: HE-dfb1e02458b2 | C12: The Private Life of Sherlock Holmes | D12: v5_T0129 | E12: 5 | F12: Action Density | G12: A | H12: B
A13: 12 | B13: HE-cfb4d616ddee | C13: Dog Day Afternoon | D13: v5_T0165 | E13: 5 | F13: Character Interaction | G13: B | H13: A
... A26: 25 | B26: HE-cc501e92c91a | C26: Ghostbusters II | D26: v5_T0108 | E26: 3 | F26: Dialogue Density | G26: B | H26: A

Sheet R1
A1: Pair | D1: Version A: Features (0-10) | I1: Version B: Features (0-10) | N1: Same / Partly / Different | Q1: Quality (1, 3, 5)
A2: No. | B2: Pair | C2: Pair ID | D2: Pacing | E2: Dialogue | F2: Action | G2: Interaction | H2: Emotion | I2: Pacing | J2: Dialogue | K2: Action | L2: Interaction | M2: Emotion | N2: Characters | O2: Setting | P2: Events | Q2: Coherence A | R2: Coherence B | S2: Acceptability A | T2: Acceptability B | U2: Note
A3: 1 | B3: 01 | C3: HE-e303ecb81cfd
A4: 2 | B4: 02 | C4: HE-cb4843e61769
A5: 3 | B5: 03 | C5: HE-41d39a1b0d34
A6: 4 | B6: 04 | C6: HE-f3e48b301237
A7: 5 | B7: 05 | C7: HE-9b53a614098d
A8: 6 | B8: 06 | C8: HE-02976e0045d3
A9: 7 | B9: 07 | C9: HE-774e675404e7
A10: 8 | B10: 08 | C10: HE-14dd09a43c06
A11: 9 | B11: 09 | C11: HE-45a1ac107489
A12: 10 | B12: 10 | C12: HE-6afe294dcb70
A13: 11 | B13: 11 | C13: HE-dfb1e02458b2
A14: 12 | B14: 12 | C14: HE-cfb4d616ddee
... A27: 25 | B27: 25 | C27: HE-cc501e92c91a
A30: Booklet language

Sheet R2
A1: Pair | D1: Version A: Features (0-10) | I1: Version B: Features (0-10) | N1: Same / Partly / Different | Q1: Quality (1, 3, 5)
A2: No. | B2: Pair | C2: Pair ID | D2: Pacing | E2: Dialogue | F2: Action | G2: Interaction | H2: Emotion | I2: Pacing | J2: Dialogue | K2: Action | L2: Interaction | M2: Emotion | N2: Characters | O2: Setting | P2: Events | Q2: Coherence A | R2: Coherence B | S2: Acceptability A | T2: Acceptability B | U2: Note
A3: 1 | B3: 01 | C3: HE-e303ecb81cfd
A4: 2 | B4: 02 | C4: HE-cb4843e61769
A5: 3 | B5: 03 | C5: HE-41d39a1b0d34
A6: 4 | B6: 04 | C6: HE-f3e48b301237
A7: 5 | B7: 05 | C7: HE-9b53a614098d
A8: 6 | B8: 06 | C8: HE-02976e0045d3
A9: 7 | B9: 07 | C9: HE-774e675404e7
A10: 8 | B10: 08 | C10: HE-14dd09a43c06
A11: 9 | B11: 09 | C11: HE-45a1ac107489
A12: 10 | B12: 10 | C12: HE-6afe294dcb70
A13: 11 | B13: 11 | C13: HE-dfb1e02458b2
A14: 12 | B14: 12 | C14: HE-cfb4d616ddee
... A27: 25 | B27: 25 | C27: HE-cc501e92c91a
A30: Booklet language

Sheet R3
A1: Pair | D1: Version A: Features (0-10) | I1: Version B: Features (0-10) | N1: Same / Partly / Different | Q1: Quality (1, 3, 5)
A2: No. | B2: Pair | C2: Pair ID | D2: Pacing | E2: Dialogue | F2: Action | G2: Interaction | H2: Emotion | I2: Pacing | J2: Dialogue | K2: Action | L2: Interaction | M2: Emotion | N2: Characters | O2: Setting | P2: Events | Q2: Coherence A | R2: Coherence B | S2: Acceptability A | T2: Acceptability B | U2: Note
A3: 1 | B3: 01 | C3: HE-e303ecb81cfd
A4: 2 | B4: 02 | C4: HE-cb4843e61769
A5: 3 | B5: 03 | C5: HE-41d39a1b0d34
A6: 4 | B6: 04 | C6: HE-f3e48b301237
A7: 5 | B7: 05 | C7: HE-9b53a614098d
A8: 6 | B8: 06 | C8: HE-02976e0045d3
A9: 7 | B9: 07 | C9: HE-774e675404e7
A10: 8 | B10: 08 | C10: HE-14dd09a43c06
A11: 9 | B11: 09 | C11: HE-45a1ac107489
A12: 10 | B12: 10 | C12: HE-6afe294dcb70
A13: 11 | B13: 11 | C13: HE-dfb1e02458b2
A14: 12 | B14: 12 | C14: HE-cfb4d616ddee
... A27: 25 | B27: 25 | C27: HE-cc501e92c91a
A30: Booklet language

Sheet Features
A1: No. | B1: Pair | C1: Pair ID | D1: Film | E1: Feature | F1: Feat # | G1: Target feature | H1: Target | I1: Qwen Original | J1: Qwen Rewrite | K1: Qwen change | L1: Original shown as | M1: Human Original (mean) | N1: Human Rewrite (mean) | O1: Human change | P1: Direction agrees (1/0) | Q1: Human toward target (1/0) | R1: Qwen toward target (1/0)
A2: 1 | B2: 1 | C2: HE-e303ecb81cfd | D2: Ghostbusters II | E2: Pacing | F2: 1 | I2: 0.6 | J2: 0.6 | K2: =J2-I2 -> 0 | L2: =VLOOKUP(TEXT(B2,"00"),'Blinding key'!$A$2:$G$26,7,FALSE()) -> B | M2: =IFERROR(AVERAGE(INDEX('R1'!$D$3:$M$27,$B2,IF($L2="A",$F2,$F2+5)),INDEX('R2'!$D$3:$M$27,$B2,IF($L2="A",$F2,$F2+5)),INDEX('R3'!$D$3:$M$27,$B2,IF($L2="A",$F2,$F2+5))),"") | N2: =IFERROR(AVERAGE(INDEX('R1'!$D$3:$M$27,$B2,IF($L2="A",$F2+5,$F2)),INDEX('R2'!$D$3:$M$27,$B2,IF($L2="A",$F2+5,$F2)),INDEX('R3'!$D$3:$M$27,$B2,IF($L2="A",$F2+5,$F2))),"") | O2: =IF(OR(M2="",N2=""),"",N2-M2) | P2: =IF(O2="","",IF(SIGN(ROUND(O2,6))=SIGN(ROUND(K2,6)),1,0)) | Q2: =IF(OR(G2<>"Y",O2=""),"",IF(SIGN(ROUND(O2,6))=SIGN(ROUND(H2-I2,6)),1,0)) | R2: =IF(G2<>"Y","",IF(SIGN(ROUND(K2,6))=SIGN(ROUND(H2-I2,6)),1,0))
A3: 2 | B3: 1 | C3: HE-e303ecb81cfd | D3: Ghostbusters II | E3: Dialogue Density | F3: 2 | G3: Y | H3: 0.3 | I3: 0.8 | J3: 0.4 | K3: =J3-I3 -> -0.4 | L3: =VLOOKUP(TEXT(B3,"00"),'Blinding key'!$A$2:$G$26,7,FALSE()) -> B | M3: =IFERROR(AVERAGE(INDEX('R1'!$D$3:$M$27,$B3,IF($L3="A",$F3,$F3+5)),INDEX('R2'!$D$3:$M$27,$B3,IF($L3="A",$F3,$F3+5)),INDEX('R3'!$D$3:$M$27,$B3,IF($L3="A",$F3,$F3+5))),"") | N3: =IFERROR(AVERAGE(INDEX('R1'!$D$3:$M$27,$B3,IF($L3="A",$F3+5,$F3)),INDEX('R2'!$D$3:$M$27,$B3,IF($L3="A",$F3+5,$F3)),INDEX('R3'!$D$3:$M$27,$B3,IF($L3="A",$F3+5,$F3))),"") | O3: =IF(OR(M3="",N3=""),"",N3-M3) | P3: =IF(O3="","",IF(SIGN(ROUND(O3,6))=SIGN(ROUND(K3,6)),1,0)) | Q3: =IF(OR(G3<>"Y",O3=""),"",IF(SIGN(ROUND(O3,6))=SIGN(ROUND(H3-I3,6)),1,0)) | R3: =IF(G3<>"Y","",IF(SIGN(ROUND(K3,6))=SIGN(ROUND(H3-I3,6)),1,0)) -> 1
A4: 3 | B4: 1 | C4: HE-e303ecb81cfd | D4: Ghostbusters II | E4: Action Density | F4: 3 | I4: 0.4 | J4: 0.3 | K4: =J4-I4 -> -0.1 | L4: =VLOOKUP(TEXT(B4,"00"),'Blinding key'!$A$2:$G$26,7,FALSE()) -> B | M4: =IFERROR(AVERAGE(INDEX('R1'!$D$3:$M$27,$B4,IF($L4="A",$F4,$F4+5)),INDEX('R2'!$D$3:$M$27,$B4,IF($L4="A",$F4,$F4+5)),INDEX('R3'!$D$3:$M$27,$B4,IF($L4="A",$F4,$F4+5))),"") | N4: =IFERROR(AVERAGE(INDEX('R1'!$D$3:$M$27,$B4,IF($L4="A",$F4+5,$F4)),INDEX('R2'!$D$3:$M$27,$B4,IF($L4="A",$F4+5,$F4)),INDEX('R3'!$D$3:$M$27,$B4,IF($L4="A",$F4+5,$F4))),"") | O4: =IF(OR(M4="",N4=""),"",N4-M4) | P4: =IF(O4="","",IF(SIGN(ROUND(O4,6))=SIGN(ROUND(K4,6)),1,0)) | Q4: =IF(OR(G4<>"Y",O4=""),"",IF(SIGN(ROUND(O4,6))=SIGN(ROUND(H4-I4,6)),1,0)) | R4: =IF(G4<>"Y","",IF(SIGN(ROUND(K4,6))=SIGN(ROUND(H4-I4,6)),1,0))
A5: 4 | B5: 1 | C5: HE-e303ecb81cfd | D5: Ghostbusters II | E5: Character Interaction | F5: 4 | I5: 0.9 | J5: 0.5 | K5: =J5-I5 -> -0.4 | L5: =VLOOKUP(TEXT(B5,"00"),'Blinding key'!$A$2:$G$26,7,FALSE()) -> B | M5: =IFERROR(AVERAGE(INDEX('R1'!$D$3:$M$27,$B5,IF($L5="A",$F5,$F5+5)),INDEX('R2'!$D$3:$M$27,$B5,IF($L5="A",$F5,$F5+5)),INDEX('R3'!$D$3:$M$27,$B5,IF($L5="A",$F5,$F5+5))),"") | N5: =IFERROR(AVERAGE(INDEX('R1'!$D$3:$M$27,$B5,IF($L5="A",$F5+5,$F5)),INDEX('R2'!$D$3:$M$27,$B5,IF($L5="A",$F5+5,$F5)),INDEX('R3'!$D$3:$M$27,$B5,IF($L5="A",$F5+5,$F5))),"") | O5: =IF(OR(M5="",N5=""),"",N5-M5) | P5: =IF(O5="","",IF(SIGN(ROUND(O5,6))=SIGN(ROUND(K5,6)),1,0)) | Q5: =IF(OR(G5<>"Y",O5=""),"",IF(SIGN(ROUND(O5,6))=SIGN(ROUND(H5-I5,6)),1,0)) | R5: =IF(G5<>"Y","",IF(SIGN(ROUND(K5,6))=SIGN(ROUND(H5-I5,6)),1,0))
A6: 5 | B6: 1 | C6: HE-e303ecb81cfd | D6: Ghostbusters II | E6: Emotion Intensity | F6: 5 | I6: 0.3 | J6: 0.2 | K6: =J6-I6 -> -0.1 | L6: =VLOOKUP(TEXT(B6,"00"),'Blinding key'!$A$2:$G$26,7,FALSE()) -> B | M6: =IFERROR(AVERAGE(INDEX('R1'!$D$3:$M$27,$B6,IF($L6="A",$F6,$F6+5)),INDEX('R2'!$D$3:$M$27,$B6,IF($L6="A",$F6,$F6+5)),INDEX('R3'!$D$3:$M$27,$B6,IF($L6="A",$F6,$F6+5))),"") | N6: =IFERROR(AVERAGE(INDEX('R1'!$D$3:$M$27,$B6,IF($L6="A",$F6+5,$F6)),INDEX('R2'!$D$3:$M$27,$B6,IF($L6="A",$F6+5,$F6)),INDEX('R3'!$D$3:$M$27,$B6,IF($L6="A",$F6+5,$F6))),"") | O6: =IF(OR(M6="",N6=""),"",N6-M6) | P6: =IF(O6="","",IF(SIGN(ROUND(O6,6))=SIGN(ROUND(K6,6)),1,0)) | Q6: =IF(OR(G6<>"Y",O6=""),"",IF(SIGN(ROUND(O6,6))=SIGN(ROUND(H6-I6,6)),1,0)) | R6: =IF(G6<>"Y","",IF(SIGN(ROUND(K6,6))=SIGN(ROUND(H6-I6,6)),1,0))
A7: 6 | B7: 2 | C7: HE-cb4843e61769 | D7: Ghostbusters II | E7: Pacing | F7: 1 | I7: 0.5 | J7: 0.7 | K7: =J7-I7 -> 0.2 | L7: =VLOOKUP(TEXT(B7,"00"),'Blinding key'!$A$2:$G$26,7,FALSE()) -> A | M7: =IFERROR(AVERAGE(INDEX('R1'!$D$3:$M$27,$B7,IF($L7="A",$F7,$F7+5)),INDEX('R2'!$D$3:$M$27,$B7,IF($L7="A",$F7,$F7+5)),INDEX('R3'!$D$3:$M$27,$B7,IF($L7="A",$F7,$F7+5))),"") | N7: =IFERROR(AVERAGE(INDEX('R1'!$D$3:$M$27,$B7,IF($L7="A",$F7+5,$F7)),INDEX('R2'!$D$3:$M$27,$B7,IF($L7="A",$F7+5,$F7)),INDEX('R3'!$D$3:$M$27,$B7,IF($L7="A",$F7+5,$F7))),"") | O7: =IF(OR(M7="",N7=""),"",N7-M7) | P7: =IF(O7="","",IF(SIGN(ROUND(O7,6))=SIGN(ROUND(K7,6)),1,0)) | Q7: =IF(OR(G7<>"Y",O7=""),"",IF(SIGN(ROUND(O7,6))=SIGN(ROUND(H7-I7,6)),1,0)) | R7: =IF(G7<>"Y","",IF(SIGN(ROUND(K7,6))=SIGN(ROUND(H7-I7,6)),1,0))
A8: 7 | B8: 2 | C8: HE-cb4843e61769 | D8: Ghostbusters II | E8: Dialogue Density | F8: 2 | G8: Y | H8: 0.8 | I8: 0 | J8: 0.8 | K8: =J8-I8 -> 0.8 | L8: =VLOOKUP(TEXT(B8,"00"),'Blinding key'!$A$2:$G$26,7,FALSE()) -> A | M8: =IFERROR(AVERAGE(INDEX('R1'!$D$3:$M$27,$B8,IF($L8="A",$F8,$F8+5)),INDEX('R2'!$D$3:$M$27,$B8,IF($L8="A",$F8,$F8+5)),INDEX('R3'!$D$3:$M$27,$B8,IF($L8="A",$F8,$F8+5))),"") | N8: =IFERROR(AVERAGE(INDEX('R1'!$D$3:$M$27,$B8,IF($L8="A",$F8+5,$F8)),INDEX('R2'!$D$3:$M$27,$B8,IF($L8="A",$F8+5,$F8)),INDEX('R3'!$D$3:$M$27,$B8,IF($L8="A",$F8+5,$F8))),"") | O8: =IF(OR(M8="",N8=""),"",N8-M8) | P8: =IF(O8="","",IF(SIGN(ROUND(O8,6))=SIGN(ROUND(K8,6)),1,0)) | Q8: =IF(OR(G8<>"Y",O8=""),"",IF(SIGN(ROUND(O8,6))=SIGN(ROUND(H8-I8,6)),1,0)) | R8: =IF(G8<>"Y","",IF(SIGN(ROUND(K8,6))=SIGN(ROUND(H8-I8,6)),1,0)) -> 1
A9: 8 | B9: 2 | C9: HE-cb4843e61769 | D9: Ghostbusters II | E9: Action Density | F9: 3 | I9: 1 | J9: 0.5 | K9: =J9-I9 -> -0.5 | L9: =VLOOKUP(TEXT(B9,"00"),'Blinding key'!$A$2:$G$26,7,FALSE()) -> A | M9: =IFERROR(AVERAGE(INDEX('R1'!$D$3:$M$27,$B9,IF($L9="A",$F9,$F9+5)),INDEX('R2'!$D$3:$M$27,$B9,IF($L9="A",$F9,$F9+5)),INDEX('R3'!$D$3:$M$27,$B9,IF($L9="A",$F9,$F9+5))),"") | N9: =IFERROR(AVERAGE(INDEX('R1'!$D$3:$M$27,$B9,IF($L9="A",$F9+5,$F9)),INDEX('R2'!$D$3:$M$27,$B9,IF($L9="A",$F9+5,$F9)),INDEX('R3'!$D$3:$M$27,$B9,IF($L9="A",$F9+5,$F9))),"") | O9: =IF(OR(M9="",N9=""),"",N9-M9) | P9: =IF(O9="","",IF(SIGN(ROUND(O9,6))=SIGN(ROUND(K9,6)),1,0)) | Q9: =IF(OR(G9<>"Y",O9=""),"",IF(SIGN(ROUND(O9,6))=SIGN(ROUND(H9-I9,6)),1,0)) | R9: =IF(G9<>"Y","",IF(SIGN(ROUND(K9,6))=SIGN(ROUND(H9-I9,6)),1,0))
A10: 9 | B10: 2 | C10: HE-cb4843e61769 | D10: Ghostbusters II | E10: Character Interaction | F10: 4 | I10: 0 | J10: 0.9 | K10: =J10-I10 -> 0.9 | L10: =VLOOKUP(TEXT(B10,"00"),'Blinding key'!$A$2:$G$26,7,FALSE()) -> A | M10: =IFERROR(AVERAGE(INDEX('R1'!$D$3:$M$27,$B10,IF($L10="A",$F10,$F10+5)),INDEX('R2'!$D$3:$M$27,$B10,IF($L10="A",$F10,$F10+5)),INDEX('R3'!$D$3:$M$27,$B10,IF($L10="A",$F10,$F10+5))),"") | N10: =IFERROR(AVERAGE(INDEX('R1'!$D$3:$M$27,$B10,IF($L10="A",$F10+5,$F10)),INDEX('R2'!$D$3:$M$27,$B10,IF($L10="A",$F10+5,$F10)),INDEX('R3'!$D$3:$M$27,$B10,IF($L10="A",$F10+5,$F10))),"") | O10: =IF(OR(M10="",N10=""),"",N10-M10) | P10: =IF(O10="","",IF(SIGN(ROUND(O10,6))=SIGN(ROUND(K10,6)),1,0)) | Q10: =IF(OR(G10<>"Y",O10=""),"",IF(SIGN(ROUND(O10,6))=SIGN(ROUND(H10-I10,6)),1,0)) | R10: =IF(G10<>"Y","",IF(SIGN(ROUND(K10,6))=SIGN(ROUND(H10-I10,6)),1,0))
A11: 10 | B11: 2 | C11: HE-cb4843e61769 | D11: Ghostbusters II | E11: Emotion Intensity | F11: 5 | I11: 0.3 | J11: 0.6 | K11: =J11-I11 -> 0.3 | L11: =VLOOKUP(TEXT(B11,"00"),'Blinding key'!$A$2:$G$26,7,FALSE()) -> A | M11: =IFERROR(AVERAGE(INDEX('R1'!$D$3:$M$27,$B11,IF($L11="A",$F11,$F11+5)),INDEX('R2'!$D$3:$M$27,$B11,IF($L11="A",$F11,$F11+5)),INDEX('R3'!$D$3:$M$27,$B11,IF($L11="A",$F11,$F11+5))),"") | N11: =IFERROR(AVERAGE(INDEX('R1'!$D$3:$M$27,$B11,IF($L11="A",$F11+5,$F11)),INDEX('R2'!$D$3:$M$27,$B11,IF($L11="A",$F11+5,$F11)),INDEX('R3'!$D$3:$M$27,$B11,IF($L11="A",$F11+5,$F11))),"") | O11: =IF(OR(M11="",N11=""),"",N11-M11) | P11: =IF(O11="","",IF(SIGN(ROUND(O11,6))=SIGN(ROUND(K11,6)),1,0)) | Q11: =IF(OR(G11<>"Y",O11=""),"",IF(SIGN(ROUND(O11,6))=SIGN(ROUND(H11-I11,6)),1,0)) | R11: =IF(G11<>"Y","",IF(SIGN(ROUND(K11,6))=SIGN(ROUND(H11-I11,6)),1,0))
A12: 11 | B12: 3 | C12: HE-41d39a1b0d34 | D12: Ghostbusters II | E12: Pacing | F12: 1 | I12: 0.6 | J12: 0.6 | K12: =J12-I12 -> 0 | L12: =VLOOKUP(TEXT(B12,"00"),'Blinding key'!$A$2:$G$26,7,FALSE()) -> A | M12: =IFERROR(AVERAGE(INDEX('R1'!$D$3:$M$27,$B12,IF($L12="A",$F12,$F12+5)),INDEX('R2'!$D$3:$M$27,$B12,IF($L12="A",$F12,$F12+5)),INDEX('R3'!$D$3:$M$27,$B12,IF($L12="A",$F12,$F12+5))),"") | N12: =IFERROR(AVERAGE(INDEX('R1'!$D$3:$M$27,$B12,IF($L12="A",$F12+5,$F12)),INDEX('R2'!$D$3:$M$27,$B12,IF($L12="A",$F12+5,$F12)),INDEX('R3'!$D$3:$M$27,$B12,IF($L12="A",$F12+5,$F12))),"") | O12: =IF(OR(M12="",N12=""),"",N12-M12) | P12: =IF(O12="","",IF(SIGN(ROUND(O12,6))=SIGN(ROUND(K12,6)),1,0)) | Q12: =IF(OR(G12<>"Y",O12=""),"",IF(SIGN(ROUND(O12,6))=SIGN(ROUND(H12-I12,6)),1,0)) | R12: =IF(G12<>"Y","",IF(SIGN(ROUND(K12,6))=SIGN(ROUND(H12-I12,6)),1,0))
A13: 12 | B13: 3 | C13: HE-41d39a1b0d34 | D13: Ghostbusters II | E13: Dialogue Density | F13: 2 | G13: Y | H13: 0.4 | I13: 0.4 | J13: 0.4 | K13: =J13-I13 -> 0 | L13: =VLOOKUP(TEXT(B13,"00"),'Blinding key'!$A$2:$G$26,7,FALSE()) -> A | M13: =IFERROR(AVERAGE(INDEX('R1'!$D$3:$M$27,$B13,IF($L13="A",$F13,$F13+5)),INDEX('R2'!$D$3:$M$27,$B13,IF($L13="A",$F13,$F13+5)),INDEX('R3'!$D$3:$M$27,$B13,IF($L13="A",$F13,$F13+5))),"") | N13: =IFERROR(AVERAGE(INDEX('R1'!$D$3:$M$27,$B13,IF($L13="A",$F13+5,$F13)),INDEX('R2'!$D$3:$M$27,$B13,IF($L13="A",$F13+5,$F13)),INDEX('R3'!$D$3:$M$27,$B13,IF($L13="A",$F13+5,$F13))),"") | O13: =IF(OR(M13="",N13=""),"",N13-M13) | P13: =IF(O13="","",IF(SIGN(ROUND(O13,6))=SIGN(ROUND(K13,6)),1,0)) | Q13: =IF(OR(G13<>"Y",O13=""),"",IF(SIGN(ROUND(O13,6))=SIGN(ROUND(H13-I13,6)),1,0)) | R13: =IF(G13<>"Y","",IF(SIGN(ROUND(K13,6))=SIGN(ROUND(H13-I13,6)),1,0)) -> 1
A14: 13 | B14: 3 | C14: HE-41d39a1b0d34 | D14: Ghostbusters II | E14: Action Density | F14: 3 | I14: 0.8 | J14: 0.8 | K14: =J14-I14 -> 0 | L14: =VLOOKUP(TEXT(B14,"00"),'Blinding key'!$A$2:$G$26,7,FALSE()) -> A | M14: =IFERROR(AVERAGE(INDEX('R1'!$D$3:$M$27,$B14,IF($L14="A",$F14,$F14+5)),INDEX('R2'!$D$3:$M$27,$B14,IF($L14="A",$F14,$F14+5)),INDEX('R3'!$D$3:$M$27,$B14,IF($L14="A",$F14,$F14+5))),"") | N14: =IFERROR(AVERAGE(INDEX('R1'!$D$3:$M$27,$B14,IF($L14="A",$F14+5,$F14)),INDEX('R2'!$D$3:$M$27,$B14,IF($L14="A",$F14+5,$F14)),INDEX('R3'!$D$3:$M$27,$B14,IF($L14="A",$F14+5,$F14))),"") | O14: =IF(OR(M14="",N14=""),"",N14-M14) | P14: =IF(O14="","",IF(SIGN(ROUND(O14,6))=SIGN(ROUND(K14,6)),1,0)) | Q14: =IF(OR(G14<>"Y",O14=""),"",IF(SIGN(ROUND(O14,6))=SIGN(ROUND(H14-I14,6)),1,0)) | R14: =IF(G14<>"Y","",IF(SIGN(ROUND(K14,6))=SIGN(ROUND(H14-I14,6)),1,0))
A15: 14 | B15: 3 | C15: HE-41d39a1b0d34 | D15: Ghostbusters II | E15: Character Interaction | F15: 4 | I15: 0.2 | J15: 0.2 | K15: =J15-I15 -> 0 | L15: =VLOOKUP(TEXT(B15,"00"),'Blinding key'!$A$2:$G$26,7,FALSE()) -> A | M15: =IFERROR(AVERAGE(INDEX('R1'!$D$3:$M$27,$B15,IF($L15="A",$F15,$F15+5)),INDEX('R2'!$D$3:$M$27,$B15,IF($L15="A",$F15,$F15+5)),INDEX('R3'!$D$3:$M$27,$B15,IF($L15="A",$F15,$F15+5))),"") | N15: =IFERROR(AVERAGE(INDEX('R1'!$D$3:$M$27,$B15,IF($L15="A",$F15+5,$F15)),INDEX('R2'!$D$3:$M$27,$B15,IF($L15="A",$F15+5,$F15)),INDEX('R3'!$D$3:$M$27,$B15,IF($L15="A",$F15+5,$F15))),"") | O15: =IF(OR(M15="",N15=""),"",N15-M15) | P15: =IF(O15="","",IF(SIGN(ROUND(O15,6))=SIGN(ROUND(K15,6)),1,0)) | Q15: =IF(OR(G15<>"Y",O15=""),"",IF(SIGN(ROUND(O15,6))=SIGN(ROUND(H15-I15,6)),1,0)) | R15: =IF(G15<>"Y","",IF(SIGN(ROUND(K15,6))=SIGN(ROUND(H15-I15,6)),1,0))
A16: 15 | B16: 3 | C16: HE-41d39a1b0d34 | D16: Ghostbusters II | E16: Emotion Intensity | F16: 5 | I16: 0.3 | J16: 0.3 | K16: =J16-I16 -> 0 | L16: =VLOOKUP(TEXT(B16,"00"),'Blinding key'!$A$2:$G$26,7,FALSE()) -> A | M16: =IFERROR(AVERAGE(INDEX('R1'!$D$3:$M$27,$B16,IF($L16="A",$F16,$F16+5)),INDEX('R2'!$D$3:$M$27,$B16,IF($L16="A",$F16,$F16+5)),INDEX('R3'!$D$3:$M$27,$B16,IF($L16="A",$F16,$F16+5))),"") | N16: =IFERROR(AVERAGE(INDEX('R1'!$D$3:$M$27,$B16,IF($L16="A",$F16+5,$F16)),INDEX('R2'!$D$3:$M$27,$B16,IF($L16="A",$F16+5,$F16)),INDEX('R3'!$D$3:$M$27,$B16,IF($L16="A",$F16+5,$F16))),"") | O16: =IF(OR(M16="",N16=""),"",N16-M16) | P16: =IF(O16="","",IF(SIGN(ROUND(O16,6))=SIGN(ROUND(K16,6)),1,0)) | Q16: =IF(OR(G16<>"Y",O16=""),"",IF(SIGN(ROUND(O16,6))=SIGN(ROUND(H16-I16,6)),1,0)) | R16: =IF(G16<>"Y","",IF(SIGN(ROUND(K16,6))=SIGN(ROUND(H16-I16,6)),1,0))
A17: 16 | B17: 4 | C17: HE-f3e48b301237 | D17: The Private Life of Sherlock Holmes | E17: Pacing | F17: 1 | I17: 0.5 | J17: 0.7 | K17: =J17-I17 -> 0.2 | L17: =VLOOKUP(TEXT(B17,"00"),'Blinding key'!$A$2:$G$26,7,FALSE()) -> B | M17: =IFERROR(AVERAGE(INDEX('R1'!$D$3:$M$27,$B17,IF($L17="A",$F17,$F17+5)),INDEX('R2'!$D$3:$M$27,$B17,IF($L17="A",$F17,$F17+5)),INDEX('R3'!$D$3:$M$27,$B17,IF($L17="A",$F17,$F17+5))),"") | N17: =IFERROR(AVERAGE(INDEX('R1'!$D$3:$M$27,$B17,IF($L17="A",$F17+5,$F17)),INDEX('R2'!$D$3:$M$27,$B17,IF($L17="A",$F17+5,$F17)),INDEX('R3'!$D$3:$M$27,$B17,IF($L17="A",$F17+5,$F17))),"") | O17: =IF(OR(M17="",N17=""),"",N17-M17) | P17: =IF(O17="","",IF(SIGN(ROUND(O17,6))=SIGN(ROUND(K17,6)),1,0)) | Q17: =IF(OR(G17<>"Y",O17=""),"",IF(SIGN(ROUND(O17,6))=SIGN(ROUND(H17-I17,6)),1,0)) | R17: =IF(G17<>"Y","",IF(SIGN(ROUND(K17,6))=SIGN(ROUND(H17-I17,6)),1,0))
A18: 17 | B18: 4 | C18: HE-f3e48b301237 | D18: The Private Life of Sherlock Holmes | E18: Dialogue Density | F18: 2 | I18: 0.2 | J18: 0.3 | K18: =J18-I18 -> 0.1 | L18: =VLOOKUP(TEXT(B18,"00"),'Blinding key'!$A$2:$G$26,7,FALSE()) -> B | M18: =IFERROR(AVERAGE(INDEX('R1'!$D$3:$M$27,$B18,IF($L18="A",$F18,$F18+5)),INDEX('R2'!$D$3:$M$27,$B18,IF($L18="A",$F18,$F18+5)),INDEX('R3'!$D$3:$M$27,$B18,IF($L18="A",$F18,$F18+5))),"") | N18: =IFERROR(AVERAGE(INDEX('R1'!$D$3:$M$27,$B18,IF($L18="A",$F18+5,$F18)),INDEX('R2'!$D$3:$M$27,$B18,IF($L18="A",$F18+5,$F18)),INDEX('R3'!$D$3:$M$27,$B18,IF($L18="A",$F18+5,$F18))),"") | O18: =IF(OR(M18="",N18=""),"",N18-M18) | P18: =IF(O18="","",IF(SIGN(ROUND(O18,6))=SIGN(ROUND(K18,6)),1,0)) | Q18: =IF(OR(G18<>"Y",O18=""),"",IF(SIGN(ROUND(O18,6))=SIGN(ROUND(H18-I18,6)),1,0)) | R18: =IF(G18<>"Y","",IF(SIGN(ROUND(K18,6))=SIGN(ROUND(H18-I18,6)),1,0))
A19: 18 | B19: 4 | C19: HE-f3e48b301237 | D19: The Private Life of Sherlock Holmes | E19: Action Density | F19: 3 | G19: Y | H19: 0.9 | I19: 0.1 | J19: 0.6 | K19: =J19-I19 -> 0.5 | L19: =VLOOKUP(TEXT(B19,"00"),'Blinding key'!$A$2:$G$26,7,FALSE()) -> B | M19: =IFERROR(AVERAGE(INDEX('R1'!$D$3:$M$27,$B19,IF($L19="A",$F19,$F19+5)),INDEX('R2'!$D$3:$M$27,$B19,IF($L19="A",$F19,$F19+5)),INDEX('R3'!$D$3:$M$27,$B19,IF($L19="A",$F19,$F19+5))),"") | N19: =IFERROR(AVERAGE(INDEX('R1'!$D$3:$M$27,$B19,IF($L19="A",$F19+5,$F19)),INDEX('R2'!$D$3:$M$27,$B19,IF($L19="A",$F19+5,$F19)),INDEX('R3'!$D$3:$M$27,$B19,IF($L19="A",$F19+5,$F19))),"") | O19: =IF(OR(M19="",N19=""),"",N19-M19) | P19: =IF(O19="","",IF(SIGN(ROUND(O19,6))=SIGN(ROUND(K19,6)),1,0)) | Q19: =IF(OR(G19<>"Y",O19=""),"",IF(SIGN(ROUND(O19,6))=SIGN(ROUND(H19-I19,6)),1,0)) | R19: =IF(G19<>"Y","",IF(SIGN(ROUND(K19,6))=SIGN(ROUND(H19-I19,6)),1,0)) -> 1
A20: 19 | B20: 4 | C20: HE-f3e48b301237 | D20: The Private Life of Sherlock Holmes | E20: Character Interaction | F20: 4 | I20: 0.3 | J20: 0.4 | K20: =J20-I20 -> 0.1 | L20: =VLOOKUP(TEXT(B20,"00"),'Blinding key'!$A$2:$G$26,7,FALSE()) -> B | M20: =IFERROR(AVERAGE(INDEX('R1'!$D$3:$M$27,$B20,IF($L20="A",$F20,$F20+5)),INDEX('R2'!$D$3:$M$27,$B20,IF($L20="A",$F20,$F20+5)),INDEX('R3'!$D$3:$M$27,$B20,IF($L20="A",$F20,$F20+5))),"") | N20: =IFERROR(AVERAGE(INDEX('R1'!$D$3:$M$27,$B20,IF($L20="A",$F20+5,$F20)),INDEX('R2'!$D$3:$M$27,$B20,IF($L20="A",$F20+5,$F20)),INDEX('R3'!$D$3:$M$27,$B20,IF($L20="A",$F20+5,$F20))),"") | O20: =IF(OR(M20="",N20=""),"",N20-M20) | P20: =IF(O20="","",IF(SIGN(ROUND(O20,6))=SIGN(ROUND(K20,6)),1,0)) | Q20: =IF(OR(G20<>"Y",O20=""),"",IF(SIGN(ROUND(O20,6))=SIGN(ROUND(H20-I20,6)),1,0)) | R20: =IF(G20<>"Y","",IF(SIGN(ROUND(K20,6))=SIGN(ROUND(H20-I20,6)),1,0))
A21: 20 | B21: 4 | C21: HE-f3e48b301237 | D21: The Private Life of Sherlock Holmes | E21: Emotion Intensity | F21: 5 | I21: 0.1 | J21: 0.5 | K21: =J21-I21 -> 0.4 | L21: =VLOOKUP(TEXT(B21,"00"),'Blinding key'!$A$2:$G$26,7,FALSE()) -> B | M21: =IFERROR(AVERAGE(INDEX('R1'!$D$3:$M$27,$B21,IF($L21="A",$F21,$F21+5)),INDEX('R2'!$D$3:$M$27,$B21,IF($L21="A",$F21,$F21+5)),INDEX('R3'!$D$3:$M$27,$B21,IF($L21="A",$F21,$F21+5))),"") | N21: =IFERROR(AVERAGE(INDEX('R1'!$D$3:$M$27,$B21,IF($L21="A",$F21+5,$F21)),INDEX('R2'!$D$3:$M$27,$B21,IF($L21="A",$F21+5,$F21)),INDEX('R3'!$D$3:$M$27,$B21,IF($L21="A",$F21+5,$F21))),"") | O21: =IF(OR(M21="",N21=""),"",N21-M21) | P21: =IF(O21="","",IF(SIGN(ROUND(O21,6))=SIGN(ROUND(K21,6)),1,0)) | Q21: =IF(OR(G21<>"Y",O21=""),"",IF(SIGN(ROUND(O21,6))=SIGN(ROUND(H21-I21,6)),1,0)) | R21: =IF(G21<>"Y","",IF(SIGN(ROUND(K21,6))=SIGN(ROUND(H21-I21,6)),1,0))
A22: 21 | B22: 5 | C22: HE-9b53a614098d | D22: The Private Life of Sherlock Holmes | E22: Pacing | F22: 1 | I22: 0.3 | J22: 0.7 | K22: =J22-I22 -> 0.4 | L22: =VLOOKUP(TEXT(B22,"00"),'Blinding key'!$A$2:$G$26,7,FALSE()) -> B | M22: =IFERROR(AVERAGE(INDEX('R1'!$D$3:$M$27,$B22,IF($L22="A",$F22,$F22+5)),INDEX('R2'!$D$3:$M$27,$B22,IF($L22="A",$F22,$F22+5)),INDEX('R3'!$D$3:$M$27,$B22,IF($L22="A",$F22,$F22+5))),"") | N22: =IFERROR(AVERAGE(INDEX('R1'!$D$3:$M$27,$B22,IF($L22="A",$F22+5,$F22)),INDEX('R2'!$D$3:$M$27,$B22,IF($L22="A",$F22+5,$F22)),INDEX('R3'!$D$3:$M$27,$B22,IF($L22="A",$F22+5,$F22))),"") | O22: =IF(OR(M22="",N22=""),"",N22-M22) | P22: =IF(O22="","",IF(SIGN(ROUND(O22,6))=SIGN(ROUND(K22,6)),1,0)) | Q22: =IF(OR(G22<>"Y",O22=""),"",IF(SIGN(ROUND(O22,6))=SIGN(ROUND(H22-I22,6)),1,0)) | R22: =IF(G22<>"Y","",IF(SIGN(ROUND(K22,6))=SIGN(ROUND(H22-I22,6)),1,0))
A23: 22 | B23: 5 | C23: HE-9b53a614098d | D23: The Private Life of Sherlock Holmes | E23: Dialogue Density | F23: 2 | I23: 0 | J23: 0.1 | K23: =J23-I23 -> 0.1 | L23: =VLOOKUP(TEXT(B23,"00"),'Blinding key'!$A$2:$G$26,7,FALSE()) -> B | M23: =IFERROR(AVERAGE(INDEX('R1'!$D$3:$M$27,$B23,IF($L23="A",$F23,$F23+5)),INDEX('R2'!$D$3:$M$27,$B23,IF($L23="A",$F23,$F23+5)),INDEX('R3'!$D$3:$M$27,$B23,IF($L23="A",$F23,$F23+5))),"") | N23: =IFERROR(AVERAGE(INDEX('R1'!$D$3:$M$27,$B23,IF($L23="A",$F23+5,$F23)),INDEX('R2'!$D$3:$M$27,$B23,IF($L23="A",$F23+5,$F23)),INDEX('R3'!$D$3:$M$27,$B23,IF($L23="A",$F23+5,$F23))),"") | O23: =IF(OR(M23="",N23=""),"",N23-M23) | P23: =IF(O23="","",IF(SIGN(ROUND(O23,6))=SIGN(ROUND(K23,6)),1,0)) | Q23: =IF(OR(G23<>"Y",O23=""),"",IF(SIGN(ROUND(O23,6))=SIGN(ROUND(H23-I23,6)),1,0)) | R23: =IF(G23<>"Y","",IF(SIGN(ROUND(K23,6))=SIGN(ROUND(H23-I23,6)),1,0))
A24: 23 | B24: 5 | C24: HE-9b53a614098d | D24: The Private Life of Sherlock Holmes | E24: Action Density | F24: 3 | G24: Y | H24: 0.9 | I24: 0.1 | J24: 0.8 | K24: =J24-I24 -> 0.7 | L24: =VLOOKUP(TEXT(B24,"00"),'Blinding key'!$A$2:$G$26,7,FALSE()) -> B | M24: =IFERROR(AVERAGE(INDEX('R1'!$D$3:$M$27,$B24,IF($L24="A",$F24,$F24+5)),INDEX('R2'!$D$3:$M$27,$B24,IF($L24="A",$F24,$F24+5)),INDEX('R3'!$D$3:$M$27,$B24,IF($L24="A",$F24,$F24+5))),"") | N24: =IFERROR(AVERAGE(INDEX('R1'!$D$3:$M$27,$B24,IF($L24="A",$F24+5,$F24)),INDEX('R2'!$D$3:$M$27,$B24,IF($L24="A",$F24+5,$F24)),INDEX('R3'!$D$3:$M$27,$B24,IF($L24="A",$F24+5,$F24))),"") | O24: =IF(OR(M24="",N24=""),"",N24-M24) | P24: =IF(O24="","",IF(SIGN(ROUND(O24,6))=SIGN(ROUND(K24,6)),1,0)) | Q24: =IF(OR(G24<>"Y",O24=""),"",IF(SIGN(ROUND(O24,6))=SIGN(ROUND(H24-I24,6)),1,0)) | R24: =IF(G24<>"Y","",IF(SIGN(ROUND(K24,6))=SIGN(ROUND(H24-I24,6)),1,0)) -> 1
A25: 24 | B25: 5 | C25: HE-9b53a614098d | D25: The Private Life of Sherlock Holmes | E25: Character Interaction | F25: 4 | I25: 0 | J25: 0.3 | K25: =J25-I25 -> 0.3 | L25: =VLOOKUP(TEXT(B25,"00"),'Blinding key'!$A$2:$G$26,7,FALSE()) -> B | M25: =IFERROR(AVERAGE(INDEX('R1'!$D$3:$M$27,$B25,IF($L25="A",$F25,$F25+5)),INDEX('R2'!$D$3:$M$27,$B25,IF($L25="A",$F25,$F25+5)),INDEX('R3'!$D$3:$M$27,$B25,IF($L25="A",$F25,$F25+5))),"") | N25: =IFERROR(AVERAGE(INDEX('R1'!$D$3:$M$27,$B25,IF($L25="A",$F25+5,$F25)),INDEX('R2'!$D$3:$M$27,$B25,IF($L25="A",$F25+5,$F25)),INDEX('R3'!$D$3:$M$27,$B25,IF($L25="A",$F25+5,$F25))),"") | O25: =IF(OR(M25="",N25=""),"",N25-M25) | P25: =IF(O25="","",IF(SIGN(ROUND(O25,6))=SIGN(ROUND(K25,6)),1,0)) | Q25: =IF(OR(G25<>"Y",O25=""),"",IF(SIGN(ROUND(O25,6))=SIGN(ROUND(H25-I25,6)),1,0)) | R25: =IF(G25<>"Y","",IF(SIGN(ROUND(K25,6))=SIGN(ROUND(H25-I25,6)),1,0))
A26: 25 | B26: 5 | C26: HE-9b53a614098d | D26: The Private Life of Sherlock Holmes | E26: Emotion Intensity | F26: 5 | I26: 0 | J26: 0.4 | K26: =J26-I26 -> 0.4 | L26: =VLOOKUP(TEXT(B26,"00"),'Blinding key'!$A$2:$G$26,7,FALSE()) -> B | M26: =IFERROR(AVERAGE(INDEX('R1'!$D$3:$M$27,$B26,IF($L26="A",$F26,$F26+5)),INDEX('R2'!$D$3:$M$27,$B26,IF($L26="A",$F26,$F26+5)),INDEX('R3'!$D$3:$M$27,$B26,IF($L26="A",$F26,$F26+5))),"") | N26: =IFERROR(AVERAGE(INDEX('R1'!$D$3:$M$27,$B26,IF($L26="A",$F26+5,$F26)),INDEX('R2'!$D$3:$M$27,$B26,IF($L26="A",$F26+5,$F26)),INDEX('R3'!$D$3:$M$27,$B26,IF($L26="A",$F26+5,$F26))),"") | O26: =IF(OR(M26="",N26=""),"",N26-M26) | P26: =IF(O26="","",IF(SIGN(ROUND(O26,6))=SIGN(ROUND(K26,6)),1,0)) | Q26: =IF(OR(G26<>"Y",O26=""),"",IF(SIGN(ROUND(O26,6))=SIGN(ROUND(H26-I26,6)),1,0)) | R26: =IF(G26<>"Y","",IF(SIGN(ROUND(K26,6))=SIGN(ROUND(H26-I26,6)),1,0))
A27: 26 | B27: 6 | C27: HE-02976e0045d3 | D27: Ghostbusters II | E27: Pacing | F27: 1 | I27: 0.6 | J27: 0.7 | K27: =J27-I27 -> 0.1 | L27: =VLOOKUP(TEXT(B27,"00"),'Blinding key'!$A$2:$G$26,7,FALSE()) -> A | M27: =IFERROR(AVERAGE(INDEX('R1'!$D$3:$M$27,$B27,IF($L27="A",$F27,$F27+5)),INDEX('R2'!$D$3:$M$27,$B27,IF($L27="A",$F27,$F27+5)),INDEX('R3'!$D$3:$M$27,$B27,IF($L27="A",$F27,$F27+5))),"") | N27: =IFERROR(AVERAGE(INDEX('R1'!$D$3:$M$27,$B27,IF($L27="A",$F27+5,$F27)),INDEX('R2'!$D$3:$M$27,$B27,IF($L27="A",$F27+5,$F27)),INDEX('R3'!$D$3:$M$27,$B27,IF($L27="A",$F27+5,$F27))),"") | O27: =IF(OR(M27="",N27=""),"",N27-M27) | P27: =IF(O27="","",IF(SIGN(ROUND(O27,6))=SIGN(ROUND(K27,6)),1,0)) | Q27: =IF(OR(G27<>"Y",O27=""),"",IF(SIGN(ROUND(O27,6))=SIGN(ROUND(H27-I27,6)),1,0)) | R27: =IF(G27<>"Y","",IF(SIGN(ROUND(K27,6))=SIGN(ROUND(H27-I27,6)),1,0))
A28: 27 | B28: 6 | C28: HE-02976e0045d3 | D28: Ghostbusters II | E28: Dialogue Density | F28: 2 | G28: Y | H28: 0.5 | I28: 0.4 | J28: 0.5 | K28: =J28-I28 -> 0.1 | L28: =VLOOKUP(TEXT(B28,"00"),'Blinding key'!$A$2:$G$26,7,FALSE()) -> A | M28: =IFERROR(AVERAGE(INDEX('R1'!$D$3:$M$27,$B28,IF($L28="A",$F28,$F28+5)),INDEX('R2'!$D$3:$M$27,$B28,IF($L28="A",$F28,$F28+5)),INDEX('R3'!$D$3:$M$27,$B28,IF($L28="A",$F28,$F28+5))),"") | N28: =IFERROR(AVERAGE(INDEX('R1'!$D$3:$M$27,$B28,IF($L28="A",$F28+5,$F28)),INDEX('R2'!$D$3:$M$27,$B28,IF($L28="A",$F28+5,$F28)),INDEX('R3'!$D$3:$M$27,$B28,IF($L28="A",$F28+5,$F28))),"") | O28: =IF(OR(M28="",N28=""),"",N28-M28) | P28: =IF(O28="","",IF(SIGN(ROUND(O28,6))=SIGN(ROUND(K28,6)),1,0)) | Q28: =IF(OR(G28<>"Y",O28=""),"",IF(SIGN(ROUND(O28,6))=SIGN(ROUND(H28-I28,6)),1,0)) | R28: =IF(G28<>"Y","",IF(SIGN(ROUND(K28,6))=SIGN(ROUND(H28-I28,6)),1,0)) -> 1
A29: 28 | B29: 6 | C29: HE-02976e0045d3 | D29: Ghostbusters II | E29: Action Density | F29: 3 | I29: 0.8 | J29: 0.8 | K29: =J29-I29 -> 0 | L29: =VLOOKUP(TEXT(B29,"00"),'Blinding key'!$A$2:$G$26,7,FALSE()) -> A | M29: =IFERROR(AVERAGE(INDEX('R1'!$D$3:$M$27,$B29,IF($L29="A",$F29,$F29+5)),INDEX('R2'!$D$3:$M$27,$B29,IF($L29="A",$F29,$F29+5)),INDEX('R3'!$D$3:$M$27,$B29,IF($L29="A",$F29,$F29+5))),"") | N29: =IFERROR(AVERAGE(INDEX('R1'!$D$3:$M$27,$B29,IF($L29="A",$F29+5,$F29)),INDEX('R2'!$D$3:$M$27,$B29,IF($L29="A",$F29+5,$F29)),INDEX('R3'!$D$3:$M$27,$B29,IF($L29="A",$F29+5,$F29))),"") | O29: =IF(OR(M29="",N29=""),"",N29-M29) | P29: =IF(O29="","",IF(SIGN(ROUND(O29,6))=SIGN(ROUND(K29,6)),1,0)) | Q29: =IF(OR(G29<>"Y",O29=""),"",IF(SIGN(ROUND(O29,6))=SIGN(ROUND(H29-I29,6)),1,0)) | R29: =IF(G29<>"Y","",IF(SIGN(ROUND(K29,6))=SIGN(ROUND(H29-I29,6)),1,0))
A30: 29 | B30: 6 | C30: HE-02976e0045d3 | D30: Ghostbusters II | E30: Character Interaction | F30: 4 | I30: 0.2 | J30: 0.3 | K30: =J30-I30 -> 0.1 | L30: =VLOOKUP(TEXT(B30,"00"),'Blinding key'!$A$2:$G$26,7,FALSE()) -> A | M30: =IFERROR(AVERAGE(INDEX('R1'!$D$3:$M$27,$B30,IF($L30="A",$F30,$F30+5)),INDEX('R2'!$D$3:$M$27,$B30,IF($L30="A",$F30,$F30+5)),INDEX('R3'!$D$3:$M$27,$B30,IF($L30="A",$F30,$F30+5))),"") | N30: =IFERROR(AVERAGE(INDEX('R1'!$D$3:$M$27,$B30,IF($L30="A",$F30+5,$F30)),INDEX('R2'!$D$3:$M$27,$B30,IF($L30="A",$F30+5,$F30)),INDEX('R3'!$D$3:$M$27,$B30,IF($L30="A",$F30+5,$F30))),"") | O30: =IF(OR(M30="",N30=""),"",N30-M30) | P30: =IF(O30="","",IF(SIGN(ROUND(O30,6))=SIGN(ROUND(K30,6)),1,0)) | Q30: =IF(OR(G30<>"Y",O30=""),"",IF(SIGN(ROUND(O30,6))=SIGN(ROUND(H30-I30,6)),1,0)) | R30: =IF(G30<>"Y","",IF(SIGN(ROUND(K30,6))=SIGN(ROUND(H30-I30,6)),1,0))
A31: 30 | B31: 6 | C31: HE-02976e0045d3 | D31: Ghostbusters II | E31: Emotion Intensity | F31: 5 | I31: 0.5 | J31: 0.6 | K31: =J31-I31 -> 0.1 | L31: =VLOOKUP(TEXT(B31,"00"),'Blinding key'!$A$2:$G$26,7,FALSE()) -> A | M31: =IFERROR(AVERAGE(INDEX('R1'!$D$3:$M$27,$B31,IF($L31="A",$F31,$F31+5)),INDEX('R2'!$D$3:$M$27,$B31,IF($L31="A",$F31,$F31+5)),INDEX('R3'!$D$3:$M$27,$B31,IF($L31="A",$F31,$F31+5))),"") | N31: =IFERROR(AVERAGE(INDEX('R1'!$D$3:$M$27,$B31,IF($L31="A",$F31+5,$F31)),INDEX('R2'!$D$3:$M$27,$B31,IF($L31="A",$F31+5,$F31)),INDEX('R3'!$D$3:$M$27,$B31,IF($L31="A",$F31+5,$F31))),"") | O31: =IF(OR(M31="",N31=""),"",N31-M31) | P31: =IF(O31="","",IF(SIGN(ROUND(O31,6))=SIGN(ROUND(K31,6)),1,0)) | Q31: =IF(OR(G31<>"Y",O31=""),"",IF(SIGN(ROUND(O31,6))=SIGN(ROUND(H31-I31,6)),1,0)) | R31: =IF(G31<>"Y","",IF(SIGN(ROUND(K31,6))=SIGN(ROUND(H31-I31,6)),1,0))
A32: 31 | B32: 7 | C32: HE-774e675404e7 | D32: Ghostbusters II | E32: Pacing | F32: 1 | I32: 0.3 | J32: 0.7 | K32: =J32-I32 -> 0.4 | L32: =VLOOKUP(TEXT(B32,"00"),'Blinding key'!$A$2:$G$26,7,FALSE()) -> A | M32: =IFERROR(AVERAGE(INDEX('R1'!$D$3:$M$27,$B32,IF($L32="A",$F32,$F32+5)),INDEX('R2'!$D$3:$M$27,$B32,IF($L32="A",$F32,$F32+5)),INDEX('R3'!$D$3:$M$27,$B32,IF($L32="A",$F32,$F32+5))),"") | N32: =IFERROR(AVERAGE(INDEX('R1'!$D$3:$M$27,$B32,IF($L32="A",$F32+5,$F32)),INDEX('R2'!$D$3:$M$27,$B32,IF($L32="A",$F32+5,$F32)),INDEX('R3'!$D$3:$M$27,$B32,IF($L32="A",$F32+5,$F32))),"") | O32: =IF(OR(M32="",N32=""),"",N32-M32) | P32: =IF(O32="","",IF(SIGN(ROUND(O32,6))=SIGN(ROUND(K32,6)),1,0)) | Q32: =IF(OR(G32<>"Y",O32=""),"",IF(SIGN(ROUND(O32,6))=SIGN(ROUND(H32-I32,6)),1,0)) | R32: =IF(G32<>"Y","",IF(SIGN(ROUND(K32,6))=SIGN(ROUND(H32-I32,6)),1,0))
A33: 32 | B33: 7 | C33: HE-774e675404e7 | D33: Ghostbusters II | E33: Dialogue Density | F33: 2 | G33: Y | H33: 0.5 | I33: 0.1 | J33: 0.4 | K33: =J33-I33 -> 0.3 | L33: =VLOOKUP(TEXT(B33,"00"),'Blinding key'!$A$2:$G$26,7,FALSE()) -> A | M33: =IFERROR(AVERAGE(INDEX('R1'!$D$3:$M$27,$B33,IF($L33="A",$F33,$F33+5)),INDEX('R2'!$D$3:$M$27,$B33,IF($L33="A",$F33,$F33+5)),INDEX('R3'!$D$3:$M$27,$B33,IF($L33="A",$F33,$F33+5))),"") | N33: =IFERROR(AVERAGE(INDEX('R1'!$D$3:$M$27,$B33,IF($L33="A",$F33+5,$F33)),INDEX('R2'!$D$3:$M$27,$B33,IF($L33="A",$F33+5,$F33)),INDEX('R3'!$D$3:$M$27,$B33,IF($L33="A",$F33+5,$F33))),"") | O33: =IF(OR(M33="",N33=""),"",N33-M33) | P33: =IF(O33="","",IF(SIGN(ROUND(O33,6))=SIGN(ROUND(K33,6)),1,0)) | Q33: =IF(OR(G33<>"Y",O33=""),"",IF(SIGN(ROUND(O33,6))=SIGN(ROUND(H33-I33,6)),1,0)) | R33: =IF(G33<>"Y","",IF(SIGN(ROUND(K33,6))=SIGN(ROUND(H33-I33,6)),1,0)) -> 1
A34: 33 | B34: 7 | C34: HE-774e675404e7 | D34: Ghostbusters II | E34: Action Density | F34: 3 | I34: 0.2 | J34: 0.3 | K34: =J34-I34 -> 0.1 | L34: =VLOOKUP(TEXT(B34,"00"),'Blinding key'!$A$2:$G$26,7,FALSE()) -> A | M34: =IFERROR(AVERAGE(INDEX('R1'!$D$3:$M$27,$B34,IF($L34="A",$F34,$F34+5)),INDEX('R2'!$D$3:$M$27,$B34,IF($L34="A",$F34,$F34+5)),INDEX('R3'!$D$3:$M$27,$B34,IF($L34="A",$F34,$F34+5))),"") | N34: =IFERROR(AVERAGE(INDEX('R1'!$D$3:$M$27,$B34,IF($L34="A",$F34+5,$F34)),INDEX('R2'!$D$3:$M$27,$B34,IF($L34="A",$F34+5,$F34)),INDEX('R3'!$D$3:$M$27,$B34,IF($L34="A",$F34+5,$F34))),"") | O34: =IF(OR(M34="",N34=""),"",N34-M34) | P34: =IF(O34="","",IF(SIGN(ROUND(O34,6))=SIGN(ROUND(K34,6)),1,0)) | Q34: =IF(OR(G34<>"Y",O34=""),"",IF(SIGN(ROUND(O34,6))=SIGN(ROUND(H34-I34,6)),1,0)) | R34: =IF(G34<>"Y","",IF(SIGN(ROUND(K34,6))=SIGN(ROUND(H34-I34,6)),1,0))
A35: 34 | B35: 7 | C35: HE-774e675404e7 | D35: Ghostbusters II | E35: Character Interaction | F35: 4 | I35: 0.1 | J35: 0.6 | K35: =J35-I35 -> 0.5 | L35: =VLOOKUP(TEXT(B35,"00"),'Blinding key'!$A$2:$G$26,7,FALSE()) -> A | M35: =IFERROR(AVERAGE(INDEX('R1'!$D$3:$M$27,$B35,IF($L35="A",$F35,$F35+5)),INDEX('R2'!$D$3:$M$27,$B35,IF($L35="A",$F35,$F35+5)),INDEX('R3'!$D$3:$M$27,$B35,IF($L35="A",$F35,$F35+5))),"") | N35: =IFERROR(AVERAGE(INDEX('R1'!$D$3:$M$27,$B35,IF($L35="A",$F35+5,$F35)),INDEX('R2'!$D$3:$M$27,$B35,IF($L35="A",$F35+5,$F35)),INDEX('R3'!$D$3:$M$27,$B35,IF($L35="A",$F35+5,$F35))),"") | O35: =IF(OR(M35="",N35=""),"",N35-M35) | P35: =IF(O35="","",IF(SIGN(ROUND(O35,6))=SIGN(ROUND(K35,6)),1,0)) | Q35: =IF(OR(G35<>"Y",O35=""),"",IF(SIGN(ROUND(O35,6))=SIGN(ROUND(H35-I35,6)),1,0)) | R35: =IF(G35<>"Y","",IF(SIGN(ROUND(K35,6))=SIGN(ROUND(H35-I35,6)),1,0))
A36: 35 | B36: 7 | C36: HE-774e675404e7 | D36: Ghostbusters II | E36: Emotion Intensity | F36: 5 | I36: 0.7 | J36: 0.5 | K36: =J36-I36 -> -0.2 | L36: =VLOOKUP(TEXT(B36,"00"),'Blinding key'!$A$2:$G$26,7,FALSE()) -> A | M36: =IFERROR(AVERAGE(INDEX('R1'!$D$3:$M$27,$B36,IF($L36="A",$F36,$F36+5)),INDEX('R2'!$D$3:$M$27,$B36,IF($L36="A",$F36,$F36+5)),INDEX('R3'!$D$3:$M$27,$B36,IF($L36="A",$F36,$F36+5))),"") | N36: =IFERROR(AVERAGE(INDEX('R1'!$D$3:$M$27,$B36,IF($L36="A",$F36+5,$F36)),INDEX('R2'!$D$3:$M$27,$B36,IF($L36="A",$F36+5,$F36)),INDEX('R3'!$D$3:$M$27,$B36,IF($L36="A",$F36+5,$F36))),"") | O36: =IF(OR(M36="",N36=""),"",N36-M36) | P36: =IF(O36="","",IF(SIGN(ROUND(O36,6))=SIGN(ROUND(K36,6)),1,0)) | Q36: =IF(OR(G36<>"Y",O36=""),"",IF(SIGN(ROUND(O36,6))=SIGN(ROUND(H36-I36,6)),1,0)) | R36: =IF(G36<>"Y","",IF(SIGN(ROUND(K36,6))=SIGN(ROUND(H36-I36,6)),1,0))
A37: 36 | B37: 8 | C37: HE-14dd09a43c06 | D37: Dog Day Afternoon | E37: Pacing | F37: 1 | I37: 0.6 | J37: 0.7 | K37: =J37-I37 -> 0.1 | L37: =VLOOKUP(TEXT(B37,"00"),'Blinding key'!$A$2:$G$26,7,FALSE()) -> A | M37: =IFERROR(AVERAGE(INDEX('R1'!$D$3:$M$27,$B37,IF($L37="A",$F37,$F37+5)),INDEX('R2'!$D$3:$M$27,$B37,IF($L37="A",$F37,$F37+5)),INDEX('R3'!$D$3:$M$27,$B37,IF($L37="A",$F37,$F37+5))),"") | N37: =IFERROR(AVERAGE(INDEX('R1'!$D$3:$M$27,$B37,IF($L37="A",$F37+5,$F37)),INDEX('R2'!$D$3:$M$27,$B37,IF($L37="A",$F37+5,$F37)),INDEX('R3'!$D$3:$M$27,$B37,IF($L37="A",$F37+5,$F37))),"") | O37: =IF(OR(M37="",N37=""),"",N37-M37) | P37: =IF(O37="","",IF(SIGN(ROUND(O37,6))=SIGN(ROUND(K37,6)),1,0)) | Q37: =IF(OR(G37<>"Y",O37=""),"",IF(SIGN(ROUND(O37,6))=SIGN(ROUND(H37-I37,6)),1,0)) | R37: =IF(G37<>"Y","",IF(SIGN(ROUND(K37,6))=SIGN(ROUND(H37-I37,6)),1,0))
A38: 37 | B38: 8 | C38: HE-14dd09a43c06 | D38: Dog Day Afternoon | E38: Dialogue Density | F38: 2 | I38: 0.8 | J38: 0.5 | K38: =J38-I38 -> -0.3 | L38: =VLOOKUP(TEXT(B38,"00"),'Blinding key'!$A$2:$G$26,7,FALSE()) -> A | M38: =IFERROR(AVERAGE(INDEX('R1'!$D$3:$M$27,$B38,IF($L38="A",$F38,$F38+5)),INDEX('R2'!$D$3:$M$27,$B38,IF($L38="A",$F38,$F38+5)),INDEX('R3'!$D$3:$M$27,$B38,IF($L38="A",$F38,$F38+5))),"") | N38: =IFERROR(AVERAGE(INDEX('R1'!$D$3:$M$27,$B38,IF($L38="A",$F38+5,$F38)),INDEX('R2'!$D$3:$M$27,$B38,IF($L38="A",$F38+5,$F38)),INDEX('R3'!$D$3:$M$27,$B38,IF($L38="A",$F38+5,$F38))),"") | O38: =IF(OR(M38="",N38=""),"",N38-M38) | P38: =IF(O38="","",IF(SIGN(ROUND(O38,6))=SIGN(ROUND(K38,6)),1,0)) | Q38: =IF(OR(G38<>"Y",O38=""),"",IF(SIGN(ROUND(O38,6))=SIGN(ROUND(H38-I38,6)),1,0)) | R38: =IF(G38<>"Y","",IF(SIGN(ROUND(K38,6))=SIGN(ROUND(H38-I38,6)),1,0))
A39: 38 | B39: 8 | C39: HE-14dd09a43c06 | D39: Dog Day Afternoon | E39: Action Density | F39: 3 | I39: 0.4 | J39: 0.3 | K39: =J39-I39 -> -0.1 | L39: =VLOOKUP(TEXT(B39,"00"),'Blinding key'!$A$2:$G$26,7,FALSE()) -> A | M39: =IFERROR(AVERAGE(INDEX('R1'!$D$3:$M$27,$B39,IF($L39="A",$F39,$F39+5)),INDEX('R2'!$D$3:$M$27,$B39,IF($L39="A",$F39,$F39+5)),INDEX('R3'!$D$3:$M$27,$B39,IF($L39="A",$F39,$F39+5))),"") | N39: =IFERROR(AVERAGE(INDEX('R1'!$D$3:$M$27,$B39,IF($L39="A",$F39+5,$F39)),INDEX('R2'!$D$3:$M$27,$B39,IF($L39="A",$F39+5,$F39)),INDEX('R3'!$D$3:$M$27,$B39,IF($L39="A",$F39+5,$F39))),"") | O39: =IF(OR(M39="",N39=""),"",N39-M39) | P39: =IF(O39="","",IF(SIGN(ROUND(O39,6))=SIGN(ROUND(K39,6)),1,0)) | Q39: =IF(OR(G39<>"Y",O39=""),"",IF(SIGN(ROUND(O39,6))=SIGN(ROUND(H39-I39,6)),1,0)) | R39: =IF(G39<>"Y","",IF(SIGN(ROUND(K39,6))=SIGN(ROUND(H39-I39,6)),1,0))
A40: 39 | B40: 8 | C40: HE-14dd09a43c06 | D40: Dog Day Afternoon | E40: Character Interaction | F40: 4 | G40: Y | H40: 0.8 | I40: 0.7 | J40: 0.6 | K40: =J40-I40 -> -0.1 | L40: =VLOOKUP(TEXT(B40,"00"),'Blinding key'!$A$2:$G$26,7,FALSE()) -> A | M40: =IFERROR(AVERAGE(INDEX('R1'!$D$3:$M$27,$B40,IF($L40="A",$F40,$F40+5)),INDEX('R2'!$D$3:$M$27,$B40,IF($L40="A",$F40,$F40+5)),INDEX('R3'!$D$3:$M$27,$B40,IF($L40="A",$F40,$F40+5))),"") | N40: =IFERROR(AVERAGE(INDEX('R1'!$D$3:$M$27,$B40,IF($L40="A",$F40+5,$F40)),INDEX('R2'!$D$3:$M$27,$B40,IF($L40="A",$F40+5,$F40)),INDEX('R3'!$D$3:$M$27,$B40,IF($L40="A",$F40+5,$F40))),"") | O40: =IF(OR(M40="",N40=""),"",N40-M40) | P40: =IF(O40="","",IF(SIGN(ROUND(O40,6))=SIGN(ROUND(K40,6)),1,0)) | Q40: =IF(OR(G40<>"Y",O40=""),"",IF(SIGN(ROUND(O40,6))=SIGN(ROUND(H40-I40,6)),1,0)) | R40: =IF(G40<>"Y","",IF(SIGN(ROUND(K40,6))=SIGN(ROUND(H40-I40,6)),1,0)) -> 0
A41: 40 | B41: 8 | C41: HE-14dd09a43c06 | D41: Dog Day Afternoon | E41: Emotion Intensity | F41: 5 | I41: 0.5 | J41: 0.8 | K41: =J41-I41 -> 0.3 | L41: =VLOOKUP(TEXT(B41,"00"),'Blinding key'!$A$2:$G$26,7,FALSE()) -> A | M41: =IFERROR(AVERAGE(INDEX('R1'!$D$3:$M$27,$B41,IF($L41="A",$F41,$F41+5)),INDEX('R2'!$D$3:$M$27,$B41,IF($L41="A",$F41,$F41+5)),INDEX('R3'!$D$3:$M$27,$B41,IF($L41="A",$F41,$F41+5))),"") | N41: =IFERROR(AVERAGE(INDEX('R1'!$D$3:$M$27,$B41,IF($L41="A",$F41+5,$F41)),INDEX('R2'!$D$3:$M$27,$B41,IF($L41="A",$F41+5,$F41)),INDEX('R3'!$D$3:$M$27,$B41,IF($L41="A",$F41+5,$F41))),"") | O41: =IF(OR(M41="",N41=""),"",N41-M41) | P41: =IF(O41="","",IF(SIGN(ROUND(O41,6))=SIGN(ROUND(K41,6)),1,0)) | Q41: =IF(OR(G41<>"Y",O41=""),"",IF(SIGN(ROUND(O41,6))=SIGN(ROUND(H41-I41,6)),1,0)) | R41: =IF(G41<>"Y","",IF(SIGN(ROUND(K41,6))=SIGN(ROUND(H41-I41,6)),1,0))
A42: 41 | B42: 9 | C42: HE-45a1ac107489 | D42: Ghostbusters II | E42: Pacing | F42: 1 | I42: 0.3 | J42: 0.2 | K42: =J42-I42 -> -0.1 | L42: =VLOOKUP(TEXT(B42,"00"),'Blinding key'!$A$2:$G$26,7,FALSE()) -> B | M42: =IFERROR(AVERAGE(INDEX('R1'!$D$3:$M$27,$B42,IF($L42="A",$F42,$F42+5)),INDEX('R2'!$D$3:$M$27,$B42,IF($L42="A",$F42,$F42+5)),INDEX('R3'!$D$3:$M$27,$B42,IF($L42="A",$F42,$F42+5))),"") | N42: =IFERROR(AVERAGE(INDEX('R1'!$D$3:$M$27,$B42,IF($L42="A",$F42+5,$F42)),INDEX('R2'!$D$3:$M$27,$B42,IF($L42="A",$F42+5,$F42)),INDEX('R3'!$D$3:$M$27,$B42,IF($L42="A",$F42+5,$F42))),"") | O42: =IF(OR(M42="",N42=""),"",N42-M42) | P42: =IF(O42="","",IF(SIGN(ROUND(O42,6))=SIGN(ROUND(K42,6)),1,0)) | Q42: =IF(OR(G42<>"Y",O42=""),"",IF(SIGN(ROUND(O42,6))=SIGN(ROUND(H42-I42,6)),1,0)) | R42: =IF(G42<>"Y","",IF(SIGN(ROUND(K42,6))=SIGN(ROUND(H42-I42,6)),1,0))
A43: 42 | B43: 9 | C43: HE-45a1ac107489 | D43: Ghostbusters II | E43: Dialogue Density | F43: 2 | G43: Y | H43: 0.1 | I43: 0.1 | J43: 0.1 | K43: =J43-I43 -> 0 | L43: =VLOOKUP(TEXT(B43,"00"),'Blinding key'!$A$2:$G$26,7,FALSE()) -> B | M43: =IFERROR(AVERAGE(INDEX('R1'!$D$3:$M$27,$B43,IF($L43="A",$F43,$F43+5)),INDEX('R2'!$D$3:$M$27,$B43,IF($L43="A",$F43,$F43+5)),INDEX('R3'!$D$3:$M$27,$B43,IF($L43="A",$F43,$F43+5))),"") | N43: =IFERROR(AVERAGE(INDEX('R1'!$D$3:$M$27,$B43,IF($L43="A",$F43+5,$F43)),INDEX('R2'!$D$3:$M$27,$B43,IF($L43="A",$F43+5,$F43)),INDEX('R3'!$D$3:$M$27,$B43,IF($L43="A",$F43+5,$F43))),"") | O43: =IF(OR(M43="",N43=""),"",N43-M43) | P43: =IF(O43="","",IF(SIGN(ROUND(O43,6))=SIGN(ROUND(K43,6)),1,0)) | Q43: =IF(OR(G43<>"Y",O43=""),"",IF(SIGN(ROUND(O43,6))=SIGN(ROUND(H43-I43,6)),1,0)) | R43: =IF(G43<>"Y","",IF(SIGN(ROUND(K43,6))=SIGN(ROUND(H43-I43,6)),1,0)) -> 1
A44: 43 | B44: 9 | C44: HE-45a1ac107489 | D44: Ghostbusters II | E44: Action Density | F44: 3 | I44: 0.6 | J44: 0.1 | K44: =J44-I44 -> -0.5 | L44: =VLOOKUP(TEXT(B44,"00"),'Blinding key'!$A$2:$G$26,7,FALSE()) -> B | M44: =IFERROR(AVERAGE(INDEX('R1'!$D$3:$M$27,$B44,IF($L44="A",$F44,$F44+5)),INDEX('R2'!$D$3:$M$27,$B44,IF($L44="A",$F44,$F44+5)),INDEX('R3'!$D$3:$M$27,$B44,IF($L44="A",$F44,$F44+5))),"") | N44: =IFERROR(AVERAGE(INDEX('R1'!$D$3:$M$27,$B44,IF($L44="A",$F44+5,$F44)),INDEX('R2'!$D$3:$M$27,$B44,IF($L44="A",$F44+5,$F44)),INDEX('R3'!$D$3:$M$27,$B44,IF($L44="A",$F44+5,$F44))),"") | O44: =IF(OR(M44="",N44=""),"",N44-M44) | P44: =IF(O44="","",IF(SIGN(ROUND(O44,6))=SIGN(ROUND(K44,6)),1,0)) | Q44: =IF(OR(G44<>"Y",O44=""),"",IF(SIGN(ROUND(O44,6))=SIGN(ROUND(H44-I44,6)),1,0)) | R44: =IF(G44<>"Y","",IF(SIGN(ROUND(K44,6))=SIGN(ROUND(H44-I44,6)),1,0))
A45: 44 | B45: 9 | C45: HE-45a1ac107489 | D45: Ghostbusters II | E45: Character Interaction | F45: 4 | I45: 0.1 | J45: 0 | K45: =J45-I45 -> -0.1 | L45: =VLOOKUP(TEXT(B45,"00"),'Blinding key'!$A$2:$G$26,7,FALSE()) -> B | M45: =IFERROR(AVERAGE(INDEX('R1'!$D$3:$M$27,$B45,IF($L45="A",$F45,$F45+5)),INDEX('R2'!$D$3:$M$27,$B45,IF($L45="A",$F45,$F45+5)),INDEX('R3'!$D$3:$M$27,$B45,IF($L45="A",$F45,$F45+5))),"") | N45: =IFERROR(AVERAGE(INDEX('R1'!$D$3:$M$27,$B45,IF($L45="A",$F45+5,$F45)),INDEX('R2'!$D$3:$M$27,$B45,IF($L45="A",$F45+5,$F45)),INDEX('R3'!$D$3:$M$27,$B45,IF($L45="A",$F45+5,$F45))),"") | O45: =IF(OR(M45="",N45=""),"",N45-M45) | P45: =IF(O45="","",IF(SIGN(ROUND(O45,6))=SIGN(ROUND(K45,6)),1,0)) | Q45: =IF(OR(G45<>"Y",O45=""),"",IF(SIGN(ROUND(O45,6))=SIGN(ROUND(H45-I45,6)),1,0)) | R45: =IF(G45<>"Y","",IF(SIGN(ROUND(K45,6))=SIGN(ROUND(H45-I45,6)),1,0))
A46: 45 | B46: 9 | C46: HE-45a1ac107489 | D46: Ghostbusters II | E46: Emotion Intensity | F46: 5 | I46: 0.2 | J46: 0.1 | K46: =J46-I46 -> -0.1 | L46: =VLOOKUP(TEXT(B46,"00"),'Blinding key'!$A$2:$G$26,7,FALSE()) -> B | M46: =IFERROR(AVERAGE(INDEX('R1'!$D$3:$M$27,$B46,IF($L46="A",$F46,$F46+5)),INDEX('R2'!$D$3:$M$27,$B46,IF($L46="A",$F46,$F46+5)),INDEX('R3'!$D$3:$M$27,$B46,IF($L46="A",$F46,$F46+5))),"") | N46: =IFERROR(AVERAGE(INDEX('R1'!$D$3:$M$27,$B46,IF($L46="A",$F46+5,$F46)),INDEX('R2'!$D$3:$M$27,$B46,IF($L46="A",$F46+5,$F46)),INDEX('R3'!$D$3:$M$27,$B46,IF($L46="A",$F46+5,$F46))),"") | O46: =IF(OR(M46="",N46=""),"",N46-M46) | P46: =IF(O46="","",IF(SIGN(ROUND(O46,6))=SIGN(ROUND(K46,6)),1,0)) | Q46: =IF(OR(G46<>"Y",O46=""),"",IF(SIGN(ROUND(O46,6))=SIGN(ROUND(H46-I46,6)),1,0)) | R46: =IF(G46<>"Y","",IF(SIGN(ROUND(K46,6))=SIGN(ROUND(H46-I46,6)),1,0))
A47: 46 | B47: 10 | C47: HE-6afe294dcb70 | D47: The Private Life of Sherlock Holmes | E47: Pacing | F47: 1 | I47: 0.7 | J47: 0.7 | K47: =J47-I47 -> 0 | L47: =VLOOKUP(TEXT(B47,"00"),'Blinding key'!$A$2:$G$26,7,FALSE()) -> B | M47: =IFERROR(AVERAGE(INDEX('R1'!$D$3:$M$27,$B47,IF($L47="A",$F47,$F47+5)),INDEX('R2'!$D$3:$M$27,$B47,IF($L47="A",$F47,$F47+5)),INDEX('R3'!$D$3:$M$27,$B47,IF($L47="A",$F47,$F47+5))),"") | N47: =IFERROR(AVERAGE(INDEX('R1'!$D$3:$M$27,$B47,IF($L47="A",$F47+5,$F47)),INDEX('R2'!$D$3:$M$27,$B47,IF($L47="A",$F47+5,$F47)),INDEX('R3'!$D$3:$M$27,$B47,IF($L47="A",$F47+5,$F47))),"") | O47: =IF(OR(M47="",N47=""),"",N47-M47) | P47: =IF(O47="","",IF(SIGN(ROUND(O47,6))=SIGN(ROUND(K47,6)),1,0)) | Q47: =IF(OR(G47<>"Y",O47=""),"",IF(SIGN(ROUND(O47,6))=SIGN(ROUND(H47-I47,6)),1,0)) | R47: =IF(G47<>"Y","",IF(SIGN(ROUND(K47,6))=SIGN(ROUND(H47-I47,6)),1,0))
A48: 47 | B48: 10 | C48: HE-6afe294dcb70 | D48: The Private Life of Sherlock Holmes | E48: Dialogue Density | F48: 2 | I48: 0.4 | J48: 0.5 | K48: =J48-I48 -> 0.1 | L48: =VLOOKUP(TEXT(B48,"00"),'Blinding key'!$A$2:$G$26,7,FALSE()) -> B | M48: =IFERROR(AVERAGE(INDEX('R1'!$D$3:$M$27,$B48,IF($L48="A",$F48,$F48+5)),INDEX('R2'!$D$3:$M$27,$B48,IF($L48="A",$F48,$F48+5)),INDEX('R3'!$D$3:$M$27,$B48,IF($L48="A",$F48,$F48+5))),"") | N48: =IFERROR(AVERAGE(INDEX('R1'!$D$3:$M$27,$B48,IF($L48="A",$F48+5,$F48)),INDEX('R2'!$D$3:$M$27,$B48,IF($L48="A",$F48+5,$F48)),INDEX('R3'!$D$3:$M$27,$B48,IF($L48="A",$F48+5,$F48))),"") | O48: =IF(OR(M48="",N48=""),"",N48-M48) | P48: =IF(O48="","",IF(SIGN(ROUND(O48,6))=SIGN(ROUND(K48,6)),1,0)) | Q48: =IF(OR(G48<>"Y",O48=""),"",IF(SIGN(ROUND(O48,6))=SIGN(ROUND(H48-I48,6)),1,0)) | R48: =IF(G48<>"Y","",IF(SIGN(ROUND(K48,6))=SIGN(ROUND(H48-I48,6)),1,0))
A49: 48 | B49: 10 | C49: HE-6afe294dcb70 | D49: The Private Life of Sherlock Holmes | E49: Action Density | F49: 3 | G49: Y | H49: 0.2 | I49: 0.6 | J49: 0.4 | K49: =J49-I49 -> -0.2 | L49: =VLOOKUP(TEXT(B49,"00"),'Blinding key'!$A$2:$G$26,7,FALSE()) -> B | M49: =IFERROR(AVERAGE(INDEX('R1'!$D$3:$M$27,$B49,IF($L49="A",$F49,$F49+5)),INDEX('R2'!$D$3:$M$27,$B49,IF($L49="A",$F49,$F49+5)),INDEX('R3'!$D$3:$M$27,$B49,IF($L49="A",$F49,$F49+5))),"") | N49: =IFERROR(AVERAGE(INDEX('R1'!$D$3:$M$27,$B49,IF($L49="A",$F49+5,$F49)),INDEX('R2'!$D$3:$M$27,$B49,IF($L49="A",$F49+5,$F49)),INDEX('R3'!$D$3:$M$27,$B49,IF($L49="A",$F49+5,$F49))),"") | O49: =IF(OR(M49="",N49=""),"",N49-M49) | P49: =IF(O49="","",IF(SIGN(ROUND(O49,6))=SIGN(ROUND(K49,6)),1,0)) | Q49: =IF(OR(G49<>"Y",O49=""),"",IF(SIGN(ROUND(O49,6))=SIGN(ROUND(H49-I49,6)),1,0)) | R49: =IF(G49<>"Y","",IF(SIGN(ROUND(K49,6))=SIGN(ROUND(H49-I49,6)),1,0)) -> 1
A50: 49 | B50: 10 | C50: HE-6afe294dcb70 | D50: The Private Life of Sherlock Holmes | E50: Character Interaction | F50: 4 | I50: 0.5 | J50: 0.6 | K50: =J50-I50 -> 0.1 | L50: =VLOOKUP(TEXT(B50,"00"),'Blinding key'!$A$2:$G$26,7,FALSE()) -> B | M50: =IFERROR(AVERAGE(INDEX('R1'!$D$3:$M$27,$B50,IF($L50="A",$F50,$F50+5)),INDEX('R2'!$D$3:$M$27,$B50,IF($L50="A",$F50,$F50+5)),INDEX('R3'!$D$3:$M$27,$B50,IF($L50="A",$F50,$F50+5))),"") | N50: =IFERROR(AVERAGE(INDEX('R1'!$D$3:$M$27,$B50,IF($L50="A",$F50+5,$F50)),INDEX('R2'!$D$3:$M$27,$B50,IF($L50="A",$F50+5,$F50)),INDEX('R3'!$D$3:$M$27,$B50,IF($L50="A",$F50+5,$F50))),"") | O50: =IF(OR(M50="",N50=""),"",N50-M50) | P50: =IF(O50="","",IF(SIGN(ROUND(O50,6))=SIGN(ROUND(K50,6)),1,0)) | Q50: =IF(OR(G50<>"Y",O50=""),"",IF(SIGN(ROUND(O50,6))=SIGN(ROUND(H50-I50,6)),1,0)) | R50: =IF(G50<>"Y","",IF(SIGN(ROUND(K50,6))=SIGN(ROUND(H50-I50,6)),1,0))
A51: 50 | B51: 10 | C51: HE-6afe294dcb70 | D51: The Private Life of Sherlock Holmes | E51: Emotion Intensity | F51: 5 | I51: 0.3 | J51: 0.2 | K51: =J51-I51 -> -0.1 | L51: =VLOOKUP(TEXT(B51,"00"),'Blinding key'!$A$2:$G$26,7,FALSE()) -> B | M51: =IFERROR(AVERAGE(INDEX('R1'!$D$3:$M$27,$B51,IF($L51="A",$F51,$F51+5)),INDEX('R2'!$D$3:$M$27,$B51,IF($L51="A",$F51,$F51+5)),INDEX('R3'!$D$3:$M$27,$B51,IF($L51="A",$F51,$F51+5))),"") | N51: =IFERROR(AVERAGE(INDEX('R1'!$D$3:$M$27,$B51,IF($L51="A",$F51+5,$F51)),INDEX('R2'!$D$3:$M$27,$B51,IF($L51="A",$F51+5,$F51)),INDEX('R3'!$D$3:$M$27,$B51,IF($L51="A",$F51+5,$F51))),"") | O51: =IF(OR(M51="",N51=""),"",N51-M51) | P51: =IF(O51="","",IF(SIGN(ROUND(O51,6))=SIGN(ROUND(K51,6)),1,0)) | Q51: =IF(OR(G51<>"Y",O51=""),"",IF(SIGN(ROUND(O51,6))=SIGN(ROUND(H51-I51,6)),1,0)) | R51: =IF(G51<>"Y","",IF(SIGN(ROUND(K51,6))=SIGN(ROUND(H51-I51,6)),1,0))
A52: 51 | B52: 11 | C52: HE-dfb1e02458b2 | D52: The Private Life of Sherlock Holmes | E52: Pacing | F52: 1 | I52: 0.6 | J52: 0.7 | K52: =J52-I52 -> 0.1 | L52: =VLOOKUP(TEXT(B52,"00"),'Blinding key'!$A$2:$G$26,7,FALSE()) -> A | M52: =IFERROR(AVERAGE(INDEX('R1'!$D$3:$M$27,$B52,IF($L52="A",$F52,$F52+5)),INDEX('R2'!$D$3:$M$27,$B52,IF($L52="A",$F52,$F52+5)),INDEX('R3'!$D$3:$M$27,$B52,IF($L52="A",$F52,$F52+5))),"") | N52: =IFERROR(AVERAGE(INDEX('R1'!$D$3:$M$27,$B52,IF($L52="A",$F52+5,$F52)),INDEX('R2'!$D$3:$M$27,$B52,IF($L52="A",$F52+5,$F52)),INDEX('R3'!$D$3:$M$27,$B52,IF($L52="A",$F52+5,$F52))),"") | O52: =IF(OR(M52="",N52=""),"",N52-M52) | P52: =IF(O52="","",IF(SIGN(ROUND(O52,6))=SIGN(ROUND(K52,6)),1,0)) | Q52: =IF(OR(G52<>"Y",O52=""),"",IF(SIGN(ROUND(O52,6))=SIGN(ROUND(H52-I52,6)),1,0)) | R52: =IF(G52<>"Y","",IF(SIGN(ROUND(K52,6))=SIGN(ROUND(H52-I52,6)),1,0))
A53: 52 | B53: 11 | C53: HE-dfb1e02458b2 | D53: The Private Life of Sherlock Holmes | E53: Dialogue Density | F53: 2 | I53: 0.4 | J53: 0.5 | K53: =J53-I53 -> 0.1 | L53: =VLOOKUP(TEXT(B53,"00"),'Blinding key'!$A$2:$G$26,7,FALSE()) -> A | M53: =IFERROR(AVERAGE(INDEX('R1'!$D$3:$M$27,$B53,IF($L53="A",$F53,$F53+5)),INDEX('R2'!$D$3:$M$27,$B53,IF($L53="A",$F53,$F53+5)),INDEX('R3'!$D$3:$M$27,$B53,IF($L53="A",$F53,$F53+5))),"") | N53: =IFERROR(AVERAGE(INDEX('R1'!$D$3:$M$27,$B53,IF($L53="A",$F53+5,$F53)),INDEX('R2'!$D$3:$M$27,$B53,IF($L53="A",$F53+5,$F53)),INDEX('R3'!$D$3:$M$27,$B53,IF($L53="A",$F53+5,$F53))),"") | O53: =IF(OR(M53="",N53=""),"",N53-M53) | P53: =IF(O53="","",IF(SIGN(ROUND(O53,6))=SIGN(ROUND(K53,6)),1,0)) | Q53: =IF(OR(G53<>"Y",O53=""),"",IF(SIGN(ROUND(O53,6))=SIGN(ROUND(H53-I53,6)),1,0)) | R53: =IF(G53<>"Y","",IF(SIGN(ROUND(K53,6))=SIGN(ROUND(H53-I53,6)),1,0))
A54: 53 | B54: 11 | C54: HE-dfb1e02458b2 | D54: The Private Life of Sherlock Holmes | E54: Action Density | F54: 3 | G54: Y | H54: 0.5 | I54: 0.3 | J54: 0.6 | K54: =J54-I54 -> 0.3 | L54: =VLOOKUP(TEXT(B54,"00"),'Blinding key'!$A$2:$G$26,7,FALSE()) -> A | M54: =IFERROR(AVERAGE(INDEX('R1'!$D$3:$M$27,$B54,IF($L54="A",$F54,$F54+5)),INDEX('R2'!$D$3:$M$27,$B54,IF($L54="A",$F54,$F54+5)),INDEX('R3'!$D$3:$M$27,$B54,IF($L54="A",$F54,$F54+5))),"") | N54: =IFERROR(AVERAGE(INDEX('R1'!$D$3:$M$27,$B54,IF($L54="A",$F54+5,$F54)),INDEX('R2'!$D$3:$M$27,$B54,IF($L54="A",$F54+5,$F54)),INDEX('R3'!$D$3:$M$27,$B54,IF($L54="A",$F54+5,$F54))),"") | O54: =IF(OR(M54="",N54=""),"",N54-M54) | P54: =IF(O54="","",IF(SIGN(ROUND(O54,6))=SIGN(ROUND(K54,6)),1,0)) | Q54: =IF(OR(G54<>"Y",O54=""),"",IF(SIGN(ROUND(O54,6))=SIGN(ROUND(H54-I54,6)),1,0)) | R54: =IF(G54<>"Y","",IF(SIGN(ROUND(K54,6))=SIGN(ROUND(H54-I54,6)),1,0)) -> 1
A55: 54 | B55: 11 | C55: HE-dfb1e02458b2 | D55: The Private Life of Sherlock Holmes | E55: Character Interaction | F55: 4 | I55: 0.8 | J55: 0.4 | K55: =J55-I55 -> -0.4 | L55: =VLOOKUP(TEXT(B55,"00"),'Blinding key'!$A$2:$G$26,7,FALSE()) -> A | M55: =IFERROR(AVERAGE(INDEX('R1'!$D$3:$M$27,$B55,IF($L55="A",$F55,$F55+5)),INDEX('R2'!$D$3:$M$27,$B55,IF($L55="A",$F55,$F55+5)),INDEX('R3'!$D$3:$M$27,$B55,IF($L55="A",$F55,$F55+5))),"") | N55: =IFERROR(AVERAGE(INDEX('R1'!$D$3:$M$27,$B55,IF($L55="A",$F55+5,$F55)),INDEX('R2'!$D$3:$M$27,$B55,IF($L55="A",$F55+5,$F55)),INDEX('R3'!$D$3:$M$27,$B55,IF($L55="A",$F55+5,$F55))),"") | O55: =IF(OR(M55="",N55=""),"",N55-M55) | P55: =IF(O55="","",IF(SIGN(ROUND(O55,6))=SIGN(ROUND(K55,6)),1,0)) | Q55: =IF(OR(G55<>"Y",O55=""),"",IF(SIGN(ROUND(O55,6))=SIGN(ROUND(H55-I55,6)),1,0)) | R55: =IF(G55<>"Y","",IF(SIGN(ROUND(K55,6))=SIGN(ROUND(H55-I55,6)),1,0))
A56: 55 | B56: 11 | C56: HE-dfb1e02458b2 | D56: The Private Life of Sherlock Holmes | E56: Emotion Intensity | F56: 5 | I56: 0.2 | J56: 0.3 | K56: =J56-I56 -> 0.1 | L56: =VLOOKUP(TEXT(B56,"00"),'Blinding key'!$A$2:$G$26,7,FALSE()) -> A | M56: =IFERROR(AVERAGE(INDEX('R1'!$D$3:$M$27,$B56,IF($L56="A",$F56,$F56+5)),INDEX('R2'!$D$3:$M$27,$B56,IF($L56="A",$F56,$F56+5)),INDEX('R3'!$D$3:$M$27,$B56,IF($L56="A",$F56,$F56+5))),"") | N56: =IFERROR(AVERAGE(INDEX('R1'!$D$3:$M$27,$B56,IF($L56="A",$F56+5,$F56)),INDEX('R2'!$D$3:$M$27,$B56,IF($L56="A",$F56+5,$F56)),INDEX('R3'!$D$3:$M$27,$B56,IF($L56="A",$F56+5,$F56))),"") | O56: =IF(OR(M56="",N56=""),"",N56-M56) | P56: =IF(O56="","",IF(SIGN(ROUND(O56,6))=SIGN(ROUND(K56,6)),1,0)) | Q56: =IF(OR(G56<>"Y",O56=""),"",IF(SIGN(ROUND(O56,6))=SIGN(ROUND(H56-I56,6)),1,0)) | R56: =IF(G56<>"Y","",IF(SIGN(ROUND(K56,6))=SIGN(ROUND(H56-I56,6)),1,0))
A57: 56 | B57: 12 | C57: HE-cfb4d616ddee | D57: Dog Day Afternoon | E57: Pacing | F57: 1 | I57: 0.7 | J57: 0.6 | K57: =J57-I57 -> -0.1 | L57: =VLOOKUP(TEXT(B57,"00"),'Blinding key'!$A$2:$G$26,7,FALSE()) -> B | M57: =IFERROR(AVERAGE(INDEX('R1'!$D$3:$M$27,$B57,IF($L57="A",$F57,$F57+5)),INDEX('R2'!$D$3:$M$27,$B57,IF($L57="A",$F57,$F57+5)),INDEX('R3'!$D$3:$M$27,$B57,IF($L57="A",$F57,$F57+5))),"") | N57: =IFERROR(AVERAGE(INDEX('R1'!$D$3:$M$27,$B57,IF($L57="A",$F57+5,$F57)),INDEX('R2'!$D$3:$M$27,$B57,IF($L57="A",$F57+5,$F57)),INDEX('R3'!$D$3:$M$27,$B57,IF($L57="A",$F57+5,$F57))),"") | O57: =IF(OR(M57="",N57=""),"",N57-M57) | P57: =IF(O57="","",IF(SIGN(ROUND(O57,6))=SIGN(ROUND(K57,6)),1,0)) | Q57: =IF(OR(G57<>"Y",O57=""),"",IF(SIGN(ROUND(O57,6))=SIGN(ROUND(H57-I57,6)),1,0)) | R57: =IF(G57<>"Y","",IF(SIGN(ROUND(K57,6))=SIGN(ROUND(H57-I57,6)),1,0))
A58: 57 | B58: 12 | C58: HE-cfb4d616ddee | D58: Dog Day Afternoon | E58: Dialogue Density | F58: 2 | I58: 0.9 | J58: 0.8 | K58: =J58-I58 -> -0.1 | L58: =VLOOKUP(TEXT(B58,"00"),'Blinding key'!$A$2:$G$26,7,FALSE()) -> B | M58: =IFERROR(AVERAGE(INDEX('R1'!$D$3:$M$27,$B58,IF($L58="A",$F58,$F58+5)),INDEX('R2'!$D$3:$M$27,$B58,IF($L58="A",$F58,$F58+5)),INDEX('R3'!$D$3:$M$27,$B58,IF($L58="A",$F58,$F58+5))),"") | N58: =IFERROR(AVERAGE(INDEX('R1'!$D$3:$M$27,$B58,IF($L58="A",$F58+5,$F58)),INDEX('R2'!$D$3:$M$27,$B58,IF($L58="A",$F58+5,$F58)),INDEX('R3'!$D$3:$M$27,$B58,IF($L58="A",$F58+5,$F58))),"") | O58: =IF(OR(M58="",N58=""),"",N58-M58) | P58: =IF(O58="","",IF(SIGN(ROUND(O58,6))=SIGN(ROUND(K58,6)),1,0)) | Q58: =IF(OR(G58<>"Y",O58=""),"",IF(SIGN(ROUND(O58,6))=SIGN(ROUND(H58-I58,6)),1,0)) | R58: =IF(G58<>"Y","",IF(SIGN(ROUND(K58,6))=SIGN(ROUND(H58-I58,6)),1,0))
A59: 58 | B59: 12 | C59: HE-cfb4d616ddee | D59: Dog Day Afternoon | E59: Action Density | F59: 3 | I59: 0.1 | J59: 0.2 | K59: =J59-I59 -> 0.1 | L59: =VLOOKUP(TEXT(B59,"00"),'Blinding key'!$A$2:$G$26,7,FALSE()) -> B | M59: =IFERROR(AVERAGE(INDEX('R1'!$D$3:$M$27,$B59,IF($L59="A",$F59,$F59+5)),INDEX('R2'!$D$3:$M$27,$B59,IF($L59="A",$F59,$F59+5)),INDEX('R3'!$D$3:$M$27,$B59,IF($L59="A",$F59,$F59+5))),"") | N59: =IFERROR(AVERAGE(INDEX('R1'!$D$3:$M$27,$B59,IF($L59="A",$F59+5,$F59)),INDEX('R2'!$D$3:$M$27,$B59,IF($L59="A",$F59+5,$F59)),INDEX('R3'!$D$3:$M$27,$B59,IF($L59="A",$F59+5,$F59))),"") | O59: =IF(OR(M59="",N59=""),"",N59-M59) | P59: =IF(O59="","",IF(SIGN(ROUND(O59,6))=SIGN(ROUND(K59,6)),1,0)) | Q59: =IF(OR(G59<>"Y",O59=""),"",IF(SIGN(ROUND(O59,6))=SIGN(ROUND(H59-I59,6)),1,0)) | R59: =IF(G59<>"Y","",IF(SIGN(ROUND(K59,6))=SIGN(ROUND(H59-I59,6)),1,0))
A60: 59 | B60: 12 | C60: HE-cfb4d616ddee | D60: Dog Day Afternoon | E60: Character Interaction | F60: 4 | G60: Y | H60: 0.9 | I60: 0.8 | J60: 0.9 | K60: =J60-I60 -> 0.1 | L60: =VLOOKUP(TEXT(B60,"00"),'Blinding key'!$A$2:$G$26,7,FALSE()) -> B | M60: =IFERROR(AVERAGE(INDEX('R1'!$D$3:$M$27,$B60,IF($L60="A",$F60,$F60+5)),INDEX('R2'!$D$3:$M$27,$B60,IF($L60="A",$F60,$F60+5)),INDEX('R3'!$D$3:$M$27,$B60,IF($L60="A",$F60,$F60+5))),"") | N60: =IFERROR(AVERAGE(INDEX('R1'!$D$3:$M$27,$B60,IF($L60="A",$F60+5,$F60)),INDEX('R2'!$D$3:$M$27,$B60,IF($L60="A",$F60+5,$F60)),INDEX('R3'!$D$3:$M$27,$B60,IF($L60="A",$F60+5,$F60))),"") | O60: =IF(OR(M60="",N60=""),"",N60-M60) | P60: =IF(O60="","",IF(SIGN(ROUND(O60,6))=SIGN(ROUND(K60,6)),1,0)) | Q60: =IF(OR(G60<>"Y",O60=""),"",IF(SIGN(ROUND(O60,6))=SIGN(ROUND(H60-I60,6)),1,0)) | R60: =IF(G60<>"Y","",IF(SIGN(ROUND(K60,6))=SIGN(ROUND(H60-I60,6)),1,0)) -> 1
A61: 60 | B61: 12 | C61: HE-cfb4d616ddee | D61: Dog Day Afternoon | E61: Emotion Intensity | F61: 5 | I61: 0.6 | J61: 0.7 | K61: =J61-I61 -> 0.1 | L61: =VLOOKUP(TEXT(B61,"00"),'Blinding key'!$A$2:$G$26,7,FALSE()) -> B | M61: =IFERROR(AVERAGE(INDEX('R1'!$D$3:$M$27,$B61,IF($L61="A",$F61,$F61+5)),INDEX('R2'!$D$3:$M$27,$B61,IF($L61="A",$F61,$F61+5)),INDEX('R3'!$D$3:$M$27,$B61,IF($L61="A",$F61,$F61+5))),"") | N61: =IFERROR(AVERAGE(INDEX('R1'!$D$3:$M$27,$B61,IF($L61="A",$F61+5,$F61)),INDEX('R2'!$D$3:$M$27,$B61,IF($L61="A",$F61+5,$F61)),INDEX('R3'!$D$3:$M$27,$B61,IF($L61="A",$F61+5,$F61))),"") | O61: =IF(OR(M61="",N61=""),"",N61-M61) | P61: =IF(O61="","",IF(SIGN(ROUND(O61,6))=SIGN(ROUND(K61,6)),1,0)) | Q61: =IF(OR(G61<>"Y",O61=""),"",IF(SIGN(ROUND(O61,6))=SIGN(ROUND(H61-I61,6)),1,0)) | R61: =IF(G61<>"Y","",IF(SIGN(ROUND(K61,6))=SIGN(ROUND(H61-I61,6)),1,0))
A62: 61 | B62: 13 | C62: HE-45f75a06719e | D62: Dog Day Afternoon | E62: Pacing | F62: 1 | I62: 0.3 | J62: 0.6 | K62: =J62-I62 -> 0.3 | L62: =VLOOKUP(TEXT(B62,"00"),'Blinding key'!$A$2:$G$26,7,FALSE()) -> A | M62: =IFERROR(AVERAGE(INDEX('R1'!$D$3:$M$27,$B62,IF($L62="A",$F62,$F62+5)),INDEX('R2'!$D$3:$M$27,$B62,IF($L62="A",$F62,$F62+5)),INDEX('R3'!$D$3:$M$27,$B62,IF($L62="A",$F62,$F62+5))),"") | N62: =IFERROR(AVERAGE(INDEX('R1'!$D$3:$M$27,$B62,IF($L62="A",$F62+5,$F62)),INDEX('R2'!$D$3:$M$27,$B62,IF($L62="A",$F62+5,$F62)),INDEX('R3'!$D$3:$M$27,$B62,IF($L62="A",$F62+5,$F62))),"") | O62: =IF(OR(M62="",N62=""),"",N62-M62) | P62: =IF(O62="","",IF(SIGN(ROUND(O62,6))=SIGN(ROUND(K62,6)),1,0)) | Q62: =IF(OR(G62<>"Y",O62=""),"",IF(SIGN(ROUND(O62,6))=SIGN(ROUND(H62-I62,6)),1,0)) | R62: =IF(G62<>"Y","",IF(SIGN(ROUND(K62,6))=SIGN(ROUND(H62-I62,6)),1,0))
A63: 62 | B63: 13 | C63: HE-45f75a06719e | D63: Dog Day Afternoon | E63: Dialogue Density | F63: 2 | I63: 0.7 | J63: 0.8 | K63: =J63-I63 -> 0.1 | L63: =VLOOKUP(TEXT(B63,"00"),'Blinding key'!$A$2:$G$26,7,FALSE()) -> A | M63: =IFERROR(AVERAGE(INDEX('R1'!$D$3:$M$27,$B63,IF($L63="A",$F63,$F63+5)),INDEX('R2'!$D$3:$M$27,$B63,IF($L63="A",$F63,$F63+5)),INDEX('R3'!$D$3:$M$27,$B63,IF($L63="A",$F63,$F63+5))),"") | N63: =IFERROR(AVERAGE(INDEX('R1'!$D$3:$M$27,$B63,IF($L63="A",$F63+5,$F63)),INDEX('R2'!$D$3:$M$27,$B63,IF($L63="A",$F63+5,$F63)),INDEX('R3'!$D$3:$M$27,$B63,IF($L63="A",$F63+5,$F63))),"") | O63: =IF(OR(M63="",N63=""),"",N63-M63) | P63: =IF(O63="","",IF(SIGN(ROUND(O63,6))=SIGN(ROUND(K63,6)),1,0)) | Q63: =IF(OR(G63<>"Y",O63=""),"",IF(SIGN(ROUND(O63,6))=SIGN(ROUND(H63-I63,6)),1,0)) | R63: =IF(G63<>"Y","",IF(SIGN(ROUND(K63,6))=SIGN(ROUND(H63-I63,6)),1,0))
A64: 63 | B64: 13 | C64: HE-45f75a06719e | D64: Dog Day Afternoon | E64: Action Density | F64: 3 | I64: 0.2 | J64: 0.2 | K64: =J64-I64 -> 0 | L64: =VLOOKUP(TEXT(B64,"00"),'Blinding key'!$A$2:$G$26,7,FALSE()) -> A | M64: =IFERROR(AVERAGE(INDEX('R1'!$D$3:$M$27,$B64,IF($L64="A",$F64,$F64+5)),INDEX('R2'!$D$3:$M$27,$B64,IF($L64="A",$F64,$F64+5)),INDEX('R3'!$D$3:$M$27,$B64,IF($L64="A",$F64,$F64+5))),"") | N64: =IFERROR(AVERAGE(INDEX('R1'!$D$3:$M$27,$B64,IF($L64="A",$F64+5,$F64)),INDEX('R2'!$D$3:$M$27,$B64,IF($L64="A",$F64+5,$F64)),INDEX('R3'!$D$3:$M$27,$B64,IF($L64="A",$F64+5,$F64))),"") | O64: =IF(OR(M64="",N64=""),"",N64-M64) | P64: =IF(O64="","",IF(SIGN(ROUND(O64,6))=SIGN(ROUND(K64,6)),1,0)) | Q64: =IF(OR(G64<>"Y",O64=""),"",IF(SIGN(ROUND(O64,6))=SIGN(ROUND(H64-I64,6)),1,0)) | R64: =IF(G64<>"Y","",IF(SIGN(ROUND(K64,6))=SIGN(ROUND(H64-I64,6)),1,0))
A65: 64 | B65: 13 | C65: HE-45f75a06719e | D65: Dog Day Afternoon | E65: Character Interaction | F65: 4 | G65: Y | H65: 0.9 | I65: 0.5 | J65: 0.9 | K65: =J65-I65 -> 0.4 | L65: =VLOOKUP(TEXT(B65,"00"),'Blinding key'!$A$2:$G$26,7,FALSE()) -> A | M65: =IFERROR(AVERAGE(INDEX('R1'!$D$3:$M$27,$B65,IF($L65="A",$F65,$F65+5)),INDEX('R2'!$D$3:$M$27,$B65,IF($L65="A",$F65,$F65+5)),INDEX('R3'!$D$3:$M$27,$B65,IF($L65="A",$F65,$F65+5))),"") | N65: =IFERROR(AVERAGE(INDEX('R1'!$D$3:$M$27,$B65,IF($L65="A",$F65+5,$F65)),INDEX('R2'!$D$3:$M$27,$B65,IF($L65="A",$F65+5,$F65)),INDEX('R3'!$D$3:$M$27,$B65,IF($L65="A",$F65+5,$F65))),"") | O65: =IF(OR(M65="",N65=""),"",N65-M65) | P65: =IF(O65="","",IF(SIGN(ROUND(O65,6))=SIGN(ROUND(K65,6)),1,0)) | Q65: =IF(OR(G65<>"Y",O65=""),"",IF(SIGN(ROUND(O65,6))=SIGN(ROUND(H65-I65,6)),1,0)) | R65: =IF(G65<>"Y","",IF(SIGN(ROUND(K65,6))=SIGN(ROUND(H65-I65,6)),1,0)) -> 1
A66: 65 | B66: 13 | C66: HE-45f75a06719e | D66: Dog Day Afternoon | E66: Emotion Intensity | F66: 5 | I66: 0.1 | J66: 0.4 | K66: =J66-I66 -> 0.3 | L66: =VLOOKUP(TEXT(B66,"00"),'Blinding key'!$A$2:$G$26,7,FALSE()) -> A | M66: =IFERROR(AVERAGE(INDEX('R1'!$D$3:$M$27,$B66,IF($L66="A",$F66,$F66+5)),INDEX('R2'!$D$3:$M$27,$B66,IF($L66="A",$F66,$F66+5)),INDEX('R3'!$D$3:$M$27,$B66,IF($L66="A",$F66,$F66+5))),"") | N66: =IFERROR(AVERAGE(INDEX('R1'!$D$3:$M$27,$B66,IF($L66="A",$F66+5,$F66)),INDEX('R2'!$D$3:$M$27,$B66,IF($L66="A",$F66+5,$F66)),INDEX('R3'!$D$3:$M$27,$B66,IF($L66="A",$F66+5,$F66))),"") | O66: =IF(OR(M66="",N66=""),"",N66-M66) | P66: =IF(O66="","",IF(SIGN(ROUND(O66,6))=SIGN(ROUND(K66,6)),1,0)) | Q66: =IF(OR(G66<>"Y",O66=""),"",IF(SIGN(ROUND(O66,6))=SIGN(ROUND(H66-I66,6)),1,0)) | R66: =IF(G66<>"Y","",IF(SIGN(ROUND(K66,6))=SIGN(ROUND(H66-I66,6)),1,0))
A67: 66 | B67: 14 | C67: HE-d808d83c99a2 | D67: The Private Life of Sherlock Holmes | E67: Pacing | F67: 1 | I67: 0.7 | J67: 0.7 | K67: =J67-I67 -> 0 | L67: =VLOOKUP(TEXT(B67,"00"),'Blinding key'!$A$2:$G$26,7,FALSE()) -> B | M67: =IFERROR(AVERAGE(INDEX('R1'!$D$3:$M$27,$B67,IF($L67="A",$F67,$F67+5)),INDEX('R2'!$D$3:$M$27,$B67,IF($L67="A",$F67,$F67+5)),INDEX('R3'!$D$3:$M$27,$B67,IF($L67="A",$F67,$F67+5))),"") | N67: =IFERROR(AVERAGE(INDEX('R1'!$D$3:$M$27,$B67,IF($L67="A",$F67+5,$F67)),INDEX('R2'!$D$3:$M$27,$B67,IF($L67="A",$F67+5,$F67)),INDEX('R3'!$D$3:$M$27,$B67,IF($L67="A",$F67+5,$F67))),"") | O67: =IF(OR(M67="",N67=""),"",N67-M67) | P67: =IF(O67="","",IF(SIGN(ROUND(O67,6))=SIGN(ROUND(K67,6)),1,0)) | Q67: =IF(OR(G67<>"Y",O67=""),"",IF(SIGN(ROUND(O67,6))=SIGN(ROUND(H67-I67,6)),1,0)) | R67: =IF(G67<>"Y","",IF(SIGN(ROUND(K67,6))=SIGN(ROUND(H67-I67,6)),1,0))
A68: 67 | B68: 14 | C68: HE-d808d83c99a2 | D68: The Private Life of Sherlock Holmes | E68: Dialogue Density | F68: 2 | I68: 0.8 | J68: 0.6 | K68: =J68-I68 -> -0.2 | L68: =VLOOKUP(TEXT(B68,"00"),'Blinding key'!$A$2:$G$26,7,FALSE()) -> B | M68: =IFERROR(AVERAGE(INDEX('R1'!$D$3:$M$27,$B68,IF($L68="A",$F68,$F68+5)),INDEX('R2'!$D$3:$M$27,$B68,IF($L68="A",$F68,$F68+5)),INDEX('R3'!$D$3:$M$27,$B68,IF($L68="A",$F68,$F68+5))),"") | N68: =IFERROR(AVERAGE(INDEX('R1'!$D$3:$M$27,$B68,IF($L68="A",$F68+5,$F68)),INDEX('R2'!$D$3:$M$27,$B68,IF($L68="A",$F68+5,$F68)),INDEX('R3'!$D$3:$M$27,$B68,IF($L68="A",$F68+5,$F68))),"") | O68: =IF(OR(M68="",N68=""),"",N68-M68) | P68: =IF(O68="","",IF(SIGN(ROUND(O68,6))=SIGN(ROUND(K68,6)),1,0)) | Q68: =IF(OR(G68<>"Y",O68=""),"",IF(SIGN(ROUND(O68,6))=SIGN(ROUND(H68-I68,6)),1,0)) | R68: =IF(G68<>"Y","",IF(SIGN(ROUND(K68,6))=SIGN(ROUND(H68-I68,6)),1,0))
A69: 68 | B69: 14 | C69: HE-d808d83c99a2 | D69: The Private Life of Sherlock Holmes | E69: Action Density | F69: 3 | G69: Y | H69: 0.1 | I69: 0.3 | J69: 0.3 | K69: =J69-I69 -> 0 | L69: =VLOOKUP(TEXT(B69,"00"),'Blinding key'!$A$2:$G$26,7,FALSE()) -> B | M69: =IFERROR(AVERAGE(INDEX('R1'!$D$3:$M$27,$B69,IF($L69="A",$F69,$F69+5)),INDEX('R2'!$D$3:$M$27,$B69,IF($L69="A",$F69,$F69+5)),INDEX('R3'!$D$3:$M$27,$B69,IF($L69="A",$F69,$F69+5))),"") | N69: =IFERROR(AVERAGE(INDEX('R1'!$D$3:$M$27,$B69,IF($L69="A",$F69+5,$F69)),INDEX('R2'!$D$3:$M$27,$B69,IF($L69="A",$F69+5,$F69)),INDEX('R3'!$D$3:$M$27,$B69,IF($L69="A",$F69+5,$F69))),"") | O69: =IF(OR(M69="",N69=""),"",N69-M69) | P69: =IF(O69="","",IF(SIGN(ROUND(O69,6))=SIGN(ROUND(K69,6)),1,0)) | Q69: =IF(OR(G69<>"Y",O69=""),"",IF(SIGN(ROUND(O69,6))=SIGN(ROUND(H69-I69,6)),1,0)) | R69: =IF(G69<>"Y","",IF(SIGN(ROUND(K69,6))=SIGN(ROUND(H69-I69,6)),1,0)) -> 0
A70: 69 | B70: 14 | C70: HE-d808d83c99a2 | D70: The Private Life of Sherlock Holmes | E70: Character Interaction | F70: 4 | I70: 0.9 | J70: 0.8 | K70: =J70-I70 -> -0.1 | L70: =VLOOKUP(TEXT(B70,"00"),'Blinding key'!$A$2:$G$26,7,FALSE()) -> B | M70: =IFERROR(AVERAGE(INDEX('R1'!$D$3:$M$27,$B70,IF($L70="A",$F70,$F70+5)),INDEX('R2'!$D$3:$M$27,$B70,IF($L70="A",$F70,$F70+5)),INDEX('R3'!$D$3:$M$27,$B70,IF($L70="A",$F70,$F70+5))),"") | N70: =IFERROR(AVERAGE(INDEX('R1'!$D$3:$M$27,$B70,IF($L70="A",$F70+5,$F70)),INDEX('R2'!$D$3:$M$27,$B70,IF($L70="A",$F70+5,$F70)),INDEX('R3'!$D$3:$M$27,$B70,IF($L70="A",$F70+5,$F70))),"") | O70: =IF(OR(M70="",N70=""),"",N70-M70) | P70: =IF(O70="","",IF(SIGN(ROUND(O70,6))=SIGN(ROUND(K70,6)),1,0)) | Q70: =IF(OR(G70<>"Y",O70=""),"",IF(SIGN(ROUND(O70,6))=SIGN(ROUND(H70-I70,6)),1,0)) | R70: =IF(G70<>"Y","",IF(SIGN(ROUND(K70,6))=SIGN(ROUND(H70-I70,6)),1,0))
A71: 70 | B71: 14 | C71: HE-d808d83c99a2 | D71: The Private Life of Sherlock Holmes | E71: Emotion Intensity | F71: 5 | I71: 0.5 | J71: 0.5 | K71: =J71-I71 -> 0 | L71: =VLOOKUP(TEXT(B71,"00"),'Blinding key'!$A$2:$G$26,7,FALSE()) -> B | M71: =IFERROR(AVERAGE(INDEX('R1'!$D$3:$M$27,$B71,IF($L71="A",$F71,$F71+5)),INDEX('R2'!$D$3:$M$27,$B71,IF($L71="A",$F71,$F71+5)),INDEX('R3'!$D$3:$M$27,$B71,IF($L71="A",$F71,$F71+5))),"") | N71: =IFERROR(AVERAGE(INDEX('R1'!$D$3:$M$27,$B71,IF($L71="A",$F71+5,$F71)),INDEX('R2'!$D$3:$M$27,$B71,IF($L71="A",$F71+5,$F71)),INDEX('R3'!$D$3:$M$27,$B71,IF($L71="A",$F71+5,$F71))),"") | O71: =IF(OR(M71="",N71=""),"",N71-M71) | P71: =IF(O71="","",IF(SIGN(ROUND(O71,6))=SIGN(ROUND(K71,6)),1,0)) | Q71: =IF(OR(G71<>"Y",O71=""),"",IF(SIGN(ROUND(O71,6))=SIGN(ROUND(H71-I71,6)),1,0)) | R71: =IF(G71<>"Y","",IF(SIGN(ROUND(K71,6))=SIGN(ROUND(H71-I71,6)),1,0))
A72: 71 | B72: 15 | C72: HE-9191e879a72c | D72: Ghostbusters II | E72: Pacing | F72: 1 | I72: 0.7 | J72: 0.7 | K72: =J72-I72 -> 0 | L72: =VLOOKUP(TEXT(B72,"00"),'Blinding key'!$A$2:$G$26,7,FALSE()) -> B | M72: =IFERROR(AVERAGE(INDEX('R1'!$D$3:$M$27,$B72,IF($L72="A",$F72,$F72+5)),INDEX('R2'!$D$3:$M$27,$B72,IF($L72="A",$F72,$F72+5)),INDEX('R3'!$D$3:$M$27,$B72,IF($L72="A",$F72,$F72+5))),"") | N72: =IFERROR(AVERAGE(INDEX('R1'!$D$3:$M$27,$B72,IF($L72="A",$F72+5,$F72)),INDEX('R2'!$D$3:$M$27,$B72,IF($L72="A",$F72+5,$F72)),INDEX('R3'!$D$3:$M$27,$B72,IF($L72="A",$F72+5,$F72))),"") | O72: =IF(OR(M72="",N72=""),"",N72-M72) | P72: =IF(O72="","",IF(SIGN(ROUND(O72,6))=SIGN(ROUND(K72,6)),1,0)) | Q72: =IF(OR(G72<>"Y",O72=""),"",IF(SIGN(ROUND(O72,6))=SIGN(ROUND(H72-I72,6)),1,0)) | R72: =IF(G72<>"Y","",IF(SIGN(ROUND(K72,6))=SIGN(ROUND(H72-I72,6)),1,0))
A73: 72 | B73: 15 | C73: HE-9191e879a72c | D73: Ghostbusters II | E73: Dialogue Density | F73: 2 | G73: Y | H73: 0.4 | I73: 0.2 | J73: 0.4 | K73: =J73-I73 -> 0.2 | L73: =VLOOKUP(TEXT(B73,"00"),'Blinding key'!$A$2:$G$26,7,FALSE()) -> B | M73: =IFERROR(AVERAGE(INDEX('R1'!$D$3:$M$27,$B73,IF($L73="A",$F73,$F73+5)),INDEX('R2'!$D$3:$M$27,$B73,IF($L73="A",$F73,$F73+5)),INDEX('R3'!$D$3:$M$27,$B73,IF($L73="A",$F73,$F73+5))),"") | N73: =IFERROR(AVERAGE(INDEX('R1'!$D$3:$M$27,$B73,IF($L73="A",$F73+5,$F73)),INDEX('R2'!$D$3:$M$27,$B73,IF($L73="A",$F73+5,$F73)),INDEX('R3'!$D$3:$M$27,$B73,IF($L73="A",$F73+5,$F73))),"") | O73: =IF(OR(M73="",N73=""),"",N73-M73) | P73: =IF(O73="","",IF(SIGN(ROUND(O73,6))=SIGN(ROUND(K73,6)),1,0)) | Q73: =IF(OR(G73<>"Y",O73=""),"",IF(SIGN(ROUND(O73,6))=SIGN(ROUND(H73-I73,6)),1,0)) | R73: =IF(G73<>"Y","",IF(SIGN(ROUND(K73,6))=SIGN(ROUND(H73-I73,6)),1,0)) -> 1
A74: 73 | B74: 15 | C74: HE-9191e879a72c | D74: Ghostbusters II | E74: Action Density | F74: 3 | I74: 0.8 | J74: 0.6 | K74: =J74-I74 -> -0.2 | L74: =VLOOKUP(TEXT(B74,"00"),'Blinding key'!$A$2:$G$26,7,FALSE()) -> B | M74: =IFERROR(AVERAGE(INDEX('R1'!$D$3:$M$27,$B74,IF($L74="A",$F74,$F74+5)),INDEX('R2'!$D$3:$M$27,$B74,IF($L74="A",$F74,$F74+5)),INDEX('R3'!$D$3:$M$27,$B74,IF($L74="A",$F74,$F74+5))),"") | N74: =IFERROR(AVERAGE(INDEX('R1'!$D$3:$M$27,$B74,IF($L74="A",$F74+5,$F74)),INDEX('R2'!$D$3:$M$27,$B74,IF($L74="A",$F74+5,$F74)),INDEX('R3'!$D$3:$M$27,$B74,IF($L74="A",$F74+5,$F74))),"") | O74: =IF(OR(M74="",N74=""),"",N74-M74) | P74: =IF(O74="","",IF(SIGN(ROUND(O74,6))=SIGN(ROUND(K74,6)),1,0)) | Q74: =IF(OR(G74<>"Y",O74=""),"",IF(SIGN(ROUND(O74,6))=SIGN(ROUND(H74-I74,6)),1,0)) | R74: =IF(G74<>"Y","",IF(SIGN(ROUND(K74,6))=SIGN(ROUND(H74-I74,6)),1,0))
A75: 74 | B75: 15 | C75: HE-9191e879a72c | D75: Ghostbusters II | E75: Character Interaction | F75: 4 | I75: 0.3 | J75: 0.3 | K75: =J75-I75 -> 0 | L75: =VLOOKUP(TEXT(B75,"00"),'Blinding key'!$A$2:$G$26,7,FALSE()) -> B | M75: =IFERROR(AVERAGE(INDEX('R1'!$D$3:$M$27,$B75,IF($L75="A",$F75,$F75+5)),INDEX('R2'!$D$3:$M$27,$B75,IF($L75="A",$F75,$F75+5)),INDEX('R3'!$D$3:$M$27,$B75,IF($L75="A",$F75,$F75+5))),"") | N75: =IFERROR(AVERAGE(INDEX('R1'!$D$3:$M$27,$B75,IF($L75="A",$F75+5,$F75)),INDEX('R2'!$D$3:$M$27,$B75,IF($L75="A",$F75+5,$F75)),INDEX('R3'!$D$3:$M$27,$B75,IF($L75="A",$F75+5,$F75))),"") | O75: =IF(OR(M75="",N75=""),"",N75-M75) | P75: =IF(O75="","",IF(SIGN(ROUND(O75,6))=SIGN(ROUND(K75,6)),1,0)) | Q75: =IF(OR(G75<>"Y",O75=""),"",IF(SIGN(ROUND(O75,6))=SIGN(ROUND(H75-I75,6)),1,0)) | R75: =IF(G75<>"Y","",IF(SIGN(ROUND(K75,6))=SIGN(ROUND(H75-I75,6)),1,0))
A76: 75 | B76: 15 | C76: HE-9191e879a72c | D76: Ghostbusters II | E76: Emotion Intensity | F76: 5 | I76: 0.5 | J76: 0.5 | K76: =J76-I76 -> 0 | L76: =VLOOKUP(TEXT(B76,"00"),'Blinding key'!$A$2:$G$26,7,FALSE()) -> B | M76: =IFERROR(AVERAGE(INDEX('R1'!$D$3:$M$27,$B76,IF($L76="A",$F76,$F76+5)),INDEX('R2'!$D$3:$M$27,$B76,IF($L76="A",$F76,$F76+5)),INDEX('R3'!$D$3:$M$27,$B76,IF($L76="A",$F76,$F76+5))),"") | N76: =IFERROR(AVERAGE(INDEX('R1'!$D$3:$M$27,$B76,IF($L76="A",$F76+5,$F76)),INDEX('R2'!$D$3:$M$27,$B76,IF($L76="A",$F76+5,$F76)),INDEX('R3'!$D$3:$M$27,$B76,IF($L76="A",$F76+5,$F76))),"") | O76: =IF(OR(M76="",N76=""),"",N76-M76) | P76: =IF(O76="","",IF(SIGN(ROUND(O76,6))=SIGN(ROUND(K76,6)),1,0)) | Q76: =IF(OR(G76<>"Y",O76=""),"",IF(SIGN(ROUND(O76,6))=SIGN(ROUND(H76-I76,6)),1,0)) | R76: =IF(G76<>"Y","",IF(SIGN(ROUND(K76,6))=SIGN(ROUND(H76-I76,6)),1,0))
A77: 76 | B77: 16 | C77: HE-bd46080d8e11 | D77: Ghostbusters II | E77: Pacing | F77: 1 | I77: 0.7 | J77: 0.7 | K77: =J77-I77 -> 0 | L77: =VLOOKUP(TEXT(B77,"00"),'Blinding key'!$A$2:$G$26,7,FALSE()) -> B | M77: =IFERROR(AVERAGE(INDEX('R1'!$D$3:$M$27,$B77,IF($L77="A",$F77,$F77+5)),INDEX('R2'!$D$3:$M$27,$B77,IF($L77="A",$F77,$F77+5)),INDEX('R3'!$D$3:$M$27,$B77,IF($L77="A",$F77,$F77+5))),"") | N77: =IFERROR(AVERAGE(INDEX('R1'!$D$3:$M$27,$B77,IF($L77="A",$F77+5,$F77)),INDEX('R2'!$D$3:$M$27,$B77,IF($L77="A",$F77+5,$F77)),INDEX('R3'!$D$3:$M$27,$B77,IF($L77="A",$F77+5,$F77))),"") | O77: =IF(OR(M77="",N77=""),"",N77-M77) | P77: =IF(O77="","",IF(SIGN(ROUND(O77,6))=SIGN(ROUND(K77,6)),1,0)) | Q77: =IF(OR(G77<>"Y",O77=""),"",IF(SIGN(ROUND(O77,6))=SIGN(ROUND(H77-I77,6)),1,0)) | R77: =IF(G77<>"Y","",IF(SIGN(ROUND(K77,6))=SIGN(ROUND(H77-I77,6)),1,0))
A78: 77 | B78: 16 | C78: HE-bd46080d8e11 | D78: Ghostbusters II | E78: Dialogue Density | F78: 2 | G78: Y | H78: 0.4 | I78: 0.5 | J78: 0.1 | K78: =J78-I78 -> -0.4 | L78: =VLOOKUP(TEXT(B78,"00"),'Blinding key'!$A$2:$G$26,7,FALSE()) -> B | M78: =IFERROR(AVERAGE(INDEX('R1'!$D$3:$M$27,$B78,IF($L78="A",$F78,$F78+5)),INDEX('R2'!$D$3:$M$27,$B78,IF($L78="A",$F78,$F78+5)),INDEX('R3'!$D$3:$M$27,$B78,IF($L78="A",$F78,$F78+5))),"") | N78: =IFERROR(AVERAGE(INDEX('R1'!$D$3:$M$27,$B78,IF($L78="A",$F78+5,$F78)),INDEX('R2'!$D$3:$M$27,$B78,IF($L78="A",$F78+5,$F78)),INDEX('R3'!$D$3:$M$27,$B78,IF($L78="A",$F78+5,$F78))),"") | O78: =IF(OR(M78="",N78=""),"",N78-M78) | P78: =IF(O78="","",IF(SIGN(ROUND(O78,6))=SIGN(ROUND(K78,6)),1,0)) | Q78: =IF(OR(G78<>"Y",O78=""),"",IF(SIGN(ROUND(O78,6))=SIGN(ROUND(H78-I78,6)),1,0)) | R78: =IF(G78<>"Y","",IF(SIGN(ROUND(K78,6))=SIGN(ROUND(H78-I78,6)),1,0)) -> 1
A79: 78 | B79: 16 | C79: HE-bd46080d8e11 | D79: Ghostbusters II | E79: Action Density | F79: 3 | I79: 0.8 | J79: 0.9 | K79: =J79-I79 -> 0.1 | L79: =VLOOKUP(TEXT(B79,"00"),'Blinding key'!$A$2:$G$26,7,FALSE()) -> B | M79: =IFERROR(AVERAGE(INDEX('R1'!$D$3:$M$27,$B79,IF($L79="A",$F79,$F79+5)),INDEX('R2'!$D$3:$M$27,$B79,IF($L79="A",$F79,$F79+5)),INDEX('R3'!$D$3:$M$27,$B79,IF($L79="A",$F79,$F79+5))),"") | N79: =IFERROR(AVERAGE(INDEX('R1'!$D$3:$M$27,$B79,IF($L79="A",$F79+5,$F79)),INDEX('R2'!$D$3:$M$27,$B79,IF($L79="A",$F79+5,$F79)),INDEX('R3'!$D$3:$M$27,$B79,IF($L79="A",$F79+5,$F79))),"") | O79: =IF(OR(M79="",N79=""),"",N79-M79) | P79: =IF(O79="","",IF(SIGN(ROUND(O79,6))=SIGN(ROUND(K79,6)),1,0)) | Q79: =IF(OR(G79<>"Y",O79=""),"",IF(SIGN(ROUND(O79,6))=SIGN(ROUND(H79-I79,6)),1,0)) | R79: =IF(G79<>"Y","",IF(SIGN(ROUND(K79,6))=SIGN(ROUND(H79-I79,6)),1,0))
A80: 79 | B80: 16 | C80: HE-bd46080d8e11 | D80: Ghostbusters II | E80: Character Interaction | F80: 4 | I80: 0.2 | J80: 0.2 | K80: =J80-I80 -> 0 | L80: =VLOOKUP(TEXT(B80,"00"),'Blinding key'!$A$2:$G$26,7,FALSE()) -> B | M80: =IFERROR(AVERAGE(INDEX('R1'!$D$3:$M$27,$B80,IF($L80="A",$F80,$F80+5)),INDEX('R2'!$D$3:$M$27,$B80,IF($L80="A",$F80,$F80+5)),INDEX('R3'!$D$3:$M$27,$B80,IF($L80="A",$F80,$F80+5))),"") | N80: =IFERROR(AVERAGE(INDEX('R1'!$D$3:$M$27,$B80,IF($L80="A",$F80+5,$F80)),INDEX('R2'!$D$3:$M$27,$B80,IF($L80="A",$F80+5,$F80)),INDEX('R3'!$D$3:$M$27,$B80,IF($L80="A",$F80+5,$F80))),"") | O80: =IF(OR(M80="",N80=""),"",N80-M80) | P80: =IF(O80="","",IF(SIGN(ROUND(O80,6))=SIGN(ROUND(K80,6)),1,0)) | Q80: =IF(OR(G80<>"Y",O80=""),"",IF(SIGN(ROUND(O80,6))=SIGN(ROUND(H80-I80,6)),1,0)) | R80: =IF(G80<>"Y","",IF(SIGN(ROUND(K80,6))=SIGN(ROUND(H80-I80,6)),1,0))
A81: 80 | B81: 16 | C81: HE-bd46080d8e11 | D81: Ghostbusters II | E81: Emotion Intensity | F81: 5 | I81: 0.6 | J81: 0.5 | K81: =J81-I81 -> -0.1 | L81: =VLOOKUP(TEXT(B81,"00"),'Blinding key'!$A$2:$G$26,7,FALSE()) -> B | M81: =IFERROR(AVERAGE(INDEX('R1'!$D$3:$M$27,$B81,IF($L81="A",$F81,$F81+5)),INDEX('R2'!$D$3:$M$27,$B81,IF($L81="A",$F81,$F81+5)),INDEX('R3'!$D$3:$M$27,$B81,IF($L81="A",$F81,$F81+5))),"") | N81: =IFERROR(AVERAGE(INDEX('R1'!$D$3:$M$27,$B81,IF($L81="A",$F81+5,$F81)),INDEX('R2'!$D$3:$M$27,$B81,IF($L81="A",$F81+5,$F81)),INDEX('R3'!$D$3:$M$27,$B81,IF($L81="A",$F81+5,$F81))),"") | O81: =IF(OR(M81="",N81=""),"",N81-M81) | P81: =IF(O81="","",IF(SIGN(ROUND(O81,6))=SIGN(ROUND(K81,6)),1,0)) | Q81: =IF(OR(G81<>"Y",O81=""),"",IF(SIGN(ROUND(O81,6))=SIGN(ROUND(H81-I81,6)),1,0)) | R81: =IF(G81<>"Y","",IF(SIGN(ROUND(K81,6))=SIGN(ROUND(H81-I81,6)),1,0))
A82: 81 | B82: 17 | C82: HE-8e73e219fbb9 | D82: Dog Day Afternoon | E82: Pacing | F82: 1 | I82: 0.3 | J82: 0.7 | K82: =J82-I82 -> 0.4 | L82: =VLOOKUP(TEXT(B82,"00"),'Blinding key'!$A$2:$G$26,7,FALSE()) -> A | M82: =IFERROR(AVERAGE(INDEX('R1'!$D$3:$M$27,$B82,IF($L82="A",$F82,$F82+5)),INDEX('R2'!$D$3:$M$27,$B82,IF($L82="A",$F82,$F82+5)),INDEX('R3'!$D$3:$M$27,$B82,IF($L82="A",$F82,$F82+5))),"") | N82: =IFERROR(AVERAGE(INDEX('R1'!$D$3:$M$27,$B82,IF($L82="A",$F82+5,$F82)),INDEX('R2'!$D$3:$M$27,$B82,IF($L82="A",$F82+5,$F82)),INDEX('R3'!$D$3:$M$27,$B82,IF($L82="A",$F82+5,$F82))),"") | O82: =IF(OR(M82="",N82=""),"",N82-M82) | P82: =IF(O82="","",IF(SIGN(ROUND(O82,6))=SIGN(ROUND(K82,6)),1,0)) | Q82: =IF(OR(G82<>"Y",O82=""),"",IF(SIGN(ROUND(O82,6))=SIGN(ROUND(H82-I82,6)),1,0)) | R82: =IF(G82<>"Y","",IF(SIGN(ROUND(K82,6))=SIGN(ROUND(H82-I82,6)),1,0))
A83: 82 | B83: 17 | C83: HE-8e73e219fbb9 | D83: Dog Day Afternoon | E83: Dialogue Density | F83: 2 | I83: 0.7 | J83: 0.8 | K83: =J83-I83 -> 0.1 | L83: =VLOOKUP(TEXT(B83,"00"),'Blinding key'!$A$2:$G$26,7,FALSE()) -> A | M83: =IFERROR(AVERAGE(INDEX('R1'!$D$3:$M$27,$B83,IF($L83="A",$F83,$F83+5)),INDEX('R2'!$D$3:$M$27,$B83,IF($L83="A",$F83,$F83+5)),INDEX('R3'!$D$3:$M$27,$B83,IF($L83="A",$F83,$F83+5))),"") | N83: =IFERROR(AVERAGE(INDEX('R1'!$D$3:$M$27,$B83,IF($L83="A",$F83+5,$F83)),INDEX('R2'!$D$3:$M$27,$B83,IF($L83="A",$F83+5,$F83)),INDEX('R3'!$D$3:$M$27,$B83,IF($L83="A",$F83+5,$F83))),"") | O83: =IF(OR(M83="",N83=""),"",N83-M83) | P83: =IF(O83="","",IF(SIGN(ROUND(O83,6))=SIGN(ROUND(K83,6)),1,0)) | Q83: =IF(OR(G83<>"Y",O83=""),"",IF(SIGN(ROUND(O83,6))=SIGN(ROUND(H83-I83,6)),1,0)) | R83: =IF(G83<>"Y","",IF(SIGN(ROUND(K83,6))=SIGN(ROUND(H83-I83,6)),1,0))
A84: 83 | B84: 17 | C84: HE-8e73e219fbb9 | D84: Dog Day Afternoon | E84: Action Density | F84: 3 | I84: 0.2 | J84: 0.3 | K84: =J84-I84 -> 0.1 | L84: =VLOOKUP(TEXT(B84,"00"),'Blinding key'!$A$2:$G$26,7,FALSE()) -> A | M84: =IFERROR(AVERAGE(INDEX('R1'!$D$3:$M$27,$B84,IF($L84="A",$F84,$F84+5)),INDEX('R2'!$D$3:$M$27,$B84,IF($L84="A",$F84,$F84+5)),INDEX('R3'!$D$3:$M$27,$B84,IF($L84="A",$F84,$F84+5))),"") | N84: =IFERROR(AVERAGE(INDEX('R1'!$D$3:$M$27,$B84,IF($L84="A",$F84+5,$F84)),INDEX('R2'!$D$3:$M$27,$B84,IF($L84="A",$F84+5,$F84)),INDEX('R3'!$D$3:$M$27,$B84,IF($L84="A",$F84+5,$F84))),"") | O84: =IF(OR(M84="",N84=""),"",N84-M84) | P84: =IF(O84="","",IF(SIGN(ROUND(O84,6))=SIGN(ROUND(K84,6)),1,0)) | Q84: =IF(OR(G84<>"Y",O84=""),"",IF(SIGN(ROUND(O84,6))=SIGN(ROUND(H84-I84,6)),1,0)) | R84: =IF(G84<>"Y","",IF(SIGN(ROUND(K84,6))=SIGN(ROUND(H84-I84,6)),1,0))
A85: 84 | B85: 17 | C85: HE-8e73e219fbb9 | D85: Dog Day Afternoon | E85: Character Interaction | F85: 4 | G85: Y | H85: 0.8 | I85: 0.5 | J85: 0.9 | K85: =J85-I85 -> 0.4 | L85: =VLOOKUP(TEXT(B85,"00"),'Blinding key'!$A$2:$G$26,7,FALSE()) -> A | M85: =IFERROR(AVERAGE(INDEX('R1'!$D$3:$M$27,$B85,IF($L85="A",$F85,$F85+5)),INDEX('R2'!$D$3:$M$27,$B85,IF($L85="A",$F85,$F85+5)),INDEX('R3'!$D$3:$M$27,$B85,IF($L85="A",$F85,$F85+5))),"") | N85: =IFERROR(AVERAGE(INDEX('R1'!$D$3:$M$27,$B85,IF($L85="A",$F85+5,$F85)),INDEX('R2'!$D$3:$M$27,$B85,IF($L85="A",$F85+5,$F85)),INDEX('R3'!$D$3:$M$27,$B85,IF($L85="A",$F85+5,$F85))),"") | O85: =IF(OR(M85="",N85=""),"",N85-M85) | P85: =IF(O85="","",IF(SIGN(ROUND(O85,6))=SIGN(ROUND(K85,6)),1,0)) | Q85: =IF(OR(G85<>"Y",O85=""),"",IF(SIGN(ROUND(O85,6))=SIGN(ROUND(H85-I85,6)),1,0)) | R85: =IF(G85<>"Y","",IF(SIGN(ROUND(K85,6))=SIGN(ROUND(H85-I85,6)),1,0)) -> 1
A86: 85 | B86: 17 | C86: HE-8e73e219fbb9 | D86: Dog Day Afternoon | E86: Emotion Intensity | F86: 5 | I86: 0.4 | J86: 0.5 | K86: =J86-I86 -> 0.1 | L86: =VLOOKUP(TEXT(B86,"00"),'Blinding key'!$A$2:$G$26,7,FALSE()) -> A | M86: =IFERROR(AVERAGE(INDEX('R1'!$D$3:$M$27,$B86,IF($L86="A",$F86,$F86+5)),INDEX('R2'!$D$3:$M$27,$B86,IF($L86="A",$F86,$F86+5)),INDEX('R3'!$D$3:$M$27,$B86,IF($L86="A",$F86,$F86+5))),"") | N86: =IFERROR(AVERAGE(INDEX('R1'!$D$3:$M$27,$B86,IF($L86="A",$F86+5,$F86)),INDEX('R2'!$D$3:$M$27,$B86,IF($L86="A",$F86+5,$F86)),INDEX('R3'!$D$3:$M$27,$B86,IF($L86="A",$F86+5,$F86))),"") | O86: =IF(OR(M86="",N86=""),"",N86-M86) | P86: =IF(O86="","",IF(SIGN(ROUND(O86,6))=SIGN(ROUND(K86,6)),1,0)) | Q86: =IF(OR(G86<>"Y",O86=""),"",IF(SIGN(ROUND(O86,6))=SIGN(ROUND(H86-I86,6)),1,0)) | R86: =IF(G86<>"Y","",IF(SIGN(ROUND(K86,6))=SIGN(ROUND(H86-I86,6)),1,0))
A87: 86 | B87: 18 | C87: HE-15dab9f7ed68 | D87: The Private Life of Sherlock Holmes | E87: Pacing | F87: 1 | I87: 0.3 | J87: 0.6 | K87: =J87-I87 -> 0.3 | L87: =VLOOKUP(TEXT(B87,"00"),'Blinding key'!$A$2:$G$26,7,FALSE()) -> B | M87: =IFERROR(AVERAGE(INDEX('R1'!$D$3:$M$27,$B87,IF($L87="A",$F87,$F87+5)),INDEX('R2'!$D$3:$M$27,$B87,IF($L87="A",$F87,$F87+5)),INDEX('R3'!$D$3:$M$27,$B87,IF($L87="A",$F87,$F87+5))),"") | N87: =IFERROR(AVERAGE(INDEX('R1'!$D$3:$M$27,$B87,IF($L87="A",$F87+5,$F87)),INDEX('R2'!$D$3:$M$27,$B87,IF($L87="A",$F87+5,$F87)),INDEX('R3'!$D$3:$M$27,$B87,IF($L87="A",$F87+5,$F87))),"") | O87: =IF(OR(M87="",N87=""),"",N87-M87) | P87: =IF(O87="","",IF(SIGN(ROUND(O87,6))=SIGN(ROUND(K87,6)),1,0)) | Q87: =IF(OR(G87<>"Y",O87=""),"",IF(SIGN(ROUND(O87,6))=SIGN(ROUND(H87-I87,6)),1,0)) | R87: =IF(G87<>"Y","",IF(SIGN(ROUND(K87,6))=SIGN(ROUND(H87-I87,6)),1,0))
A88: 87 | B88: 18 | C88: HE-15dab9f7ed68 | D88: The Private Life of Sherlock Holmes | E88: Dialogue Density | F88: 2 | I88: 0.4 | J88: 0.4 | K88: =J88-I88 -> 0 | L88: =VLOOKUP(TEXT(B88,"00"),'Blinding key'!$A$2:$G$26,7,FALSE()) -> B | M88: =IFERROR(AVERAGE(INDEX('R1'!$D$3:$M$27,$B88,IF($L88="A",$F88,$F88+5)),INDEX('R2'!$D$3:$M$27,$B88,IF($L88="A",$F88,$F88+5)),INDEX('R3'!$D$3:$M$27,$B88,IF($L88="A",$F88,$F88+5))),"") | N88: =IFERROR(AVERAGE(INDEX('R1'!$D$3:$M$27,$B88,IF($L88="A",$F88+5,$F88)),INDEX('R2'!$D$3:$M$27,$B88,IF($L88="A",$F88+5,$F88)),INDEX('R3'!$D$3:$M$27,$B88,IF($L88="A",$F88+5,$F88))),"") | O88: =IF(OR(M88="",N88=""),"",N88-M88) | P88: =IF(O88="","",IF(SIGN(ROUND(O88,6))=SIGN(ROUND(K88,6)),1,0)) | Q88: =IF(OR(G88<>"Y",O88=""),"",IF(SIGN(ROUND(O88,6))=SIGN(ROUND(H88-I88,6)),1,0)) | R88: =IF(G88<>"Y","",IF(SIGN(ROUND(K88,6))=SIGN(ROUND(H88-I88,6)),1,0))
A89: 88 | B89: 18 | C89: HE-15dab9f7ed68 | D89: The Private Life of Sherlock Holmes | E89: Action Density | F89: 3 | G89: Y | H89: 0.2 | I89: 0.2 | J89: 0.3 | K89: =J89-I89 -> 0.1 | L89: =VLOOKUP(TEXT(B89,"00"),'Blinding key'!$A$2:$G$26,7,FALSE()) -> B | M89: =IFERROR(AVERAGE(INDEX('R1'!$D$3:$M$27,$B89,IF($L89="A",$F89,$F89+5)),INDEX('R2'!$D$3:$M$27,$B89,IF($L89="A",$F89,$F89+5)),INDEX('R3'!$D$3:$M$27,$B89,IF($L89="A",$F89,$F89+5))),"") | N89: =IFERROR(AVERAGE(INDEX('R1'!$D$3:$M$27,$B89,IF($L89="A",$F89+5,$F89)),INDEX('R2'!$D$3:$M$27,$B89,IF($L89="A",$F89+5,$F89)),INDEX('R3'!$D$3:$M$27,$B89,IF($L89="A",$F89+5,$F89))),"") | O89: =IF(OR(M89="",N89=""),"",N89-M89) | P89: =IF(O89="","",IF(SIGN(ROUND(O89,6))=SIGN(ROUND(K89,6)),1,0)) | Q89: =IF(OR(G89<>"Y",O89=""),"",IF(SIGN(ROUND(O89,6))=SIGN(ROUND(H89-I89,6)),1,0)) | R89: =IF(G89<>"Y","",IF(SIGN(ROUND(K89,6))=SIGN(ROUND(H89-I89,6)),1,0)) -> 0
A90: 89 | B90: 18 | C90: HE-15dab9f7ed68 | D90: The Private Life of Sherlock Holmes | E90: Character Interaction | F90: 4 | I90: 0.5 | J90: 0.5 | K90: =J90-I90 -> 0 | L90: =VLOOKUP(TEXT(B90,"00"),'Blinding key'!$A$2:$G$26,7,FALSE()) -> B | M90: =IFERROR(AVERAGE(INDEX('R1'!$D$3:$M$27,$B90,IF($L90="A",$F90,$F90+5)),INDEX('R2'!$D$3:$M$27,$B90,IF($L90="A",$F90,$F90+5)),INDEX('R3'!$D$3:$M$27,$B90,IF($L90="A",$F90,$F90+5))),"") | N90: =IFERROR(AVERAGE(INDEX('R1'!$D$3:$M$27,$B90,IF($L90="A",$F90+5,$F90)),INDEX('R2'!$D$3:$M$27,$B90,IF($L90="A",$F90+5,$F90)),INDEX('R3'!$D$3:$M$27,$B90,IF($L90="A",$F90+5,$F90))),"") | O90: =IF(OR(M90="",N90=""),"",N90-M90) | P90: =IF(O90="","",IF(SIGN(ROUND(O90,6))=SIGN(ROUND(K90,6)),1,0)) | Q90: =IF(OR(G90<>"Y",O90=""),"",IF(SIGN(ROUND(O90,6))=SIGN(ROUND(H90-I90,6)),1,0)) | R90: =IF(G90<>"Y","",IF(SIGN(ROUND(K90,6))=SIGN(ROUND(H90-I90,6)),1,0))
A91: 90 | B91: 18 | C91: HE-15dab9f7ed68 | D91: The Private Life of Sherlock Holmes | E91: Emotion Intensity | F91: 5 | I91: 0.1 | J91: 0.2 | K91: =J91-I91 -> 0.1 | L91: =VLOOKUP(TEXT(B91,"00"),'Blinding key'!$A$2:$G$26,7,FALSE()) -> B | M91: =IFERROR(AVERAGE(INDEX('R1'!$D$3:$M$27,$B91,IF($L91="A",$F91,$F91+5)),INDEX('R2'!$D$3:$M$27,$B91,IF($L91="A",$F91,$F91+5)),INDEX('R3'!$D$3:$M$27,$B91,IF($L91="A",$F91,$F91+5))),"") | N91: =IFERROR(AVERAGE(INDEX('R1'!$D$3:$M$27,$B91,IF($L91="A",$F91+5,$F91)),INDEX('R2'!$D$3:$M$27,$B91,IF($L91="A",$F91+5,$F91)),INDEX('R3'!$D$3:$M$27,$B91,IF($L91="A",$F91+5,$F91))),"") | O91: =IF(OR(M91="",N91=""),"",N91-M91) | P91: =IF(O91="","",IF(SIGN(ROUND(O91,6))=SIGN(ROUND(K91,6)),1,0)) | Q91: =IF(OR(G91<>"Y",O91=""),"",IF(SIGN(ROUND(O91,6))=SIGN(ROUND(H91-I91,6)),1,0)) | R91: =IF(G91<>"Y","",IF(SIGN(ROUND(K91,6))=SIGN(ROUND(H91-I91,6)),1,0))
A92: 91 | B92: 19 | C92: HE-9ebbf47e657d | D92: The Private Life of Sherlock Holmes | E92: Pacing | F92: 1 | I92: 0.7 | J92: 0.5 | K92: =J92-I92 -> -0.2 | L92: =VLOOKUP(TEXT(B92,"00"),'Blinding key'!$A$2:$G$26,7,FALSE()) -> A | M92: =IFERROR(AVERAGE(INDEX('R1'!$D$3:$M$27,$B92,IF($L92="A",$F92,$F92+5)),INDEX('R2'!$D$3:$M$27,$B92,IF($L92="A",$F92,$F92+5)),INDEX('R3'!$D$3:$M$27,$B92,IF($L92="A",$F92,$F92+5))),"") | N92: =IFERROR(AVERAGE(INDEX('R1'!$D$3:$M$27,$B92,IF($L92="A",$F92+5,$F92)),INDEX('R2'!$D$3:$M$27,$B92,IF($L92="A",$F92+5,$F92)),INDEX('R3'!$D$3:$M$27,$B92,IF($L92="A",$F92+5,$F92))),"") | O92: =IF(OR(M92="",N92=""),"",N92-M92) | P92: =IF(O92="","",IF(SIGN(ROUND(O92,6))=SIGN(ROUND(K92,6)),1,0)) | Q92: =IF(OR(G92<>"Y",O92=""),"",IF(SIGN(ROUND(O92,6))=SIGN(ROUND(H92-I92,6)),1,0)) | R92: =IF(G92<>"Y","",IF(SIGN(ROUND(K92,6))=SIGN(ROUND(H92-I92,6)),1,0))
A93: 92 | B93: 19 | C93: HE-9ebbf47e657d | D93: The Private Life of Sherlock Holmes | E93: Dialogue Density | F93: 2 | I93: 0.4 | J93: 0.4 | K93: =J93-I93 -> 0 | L93: =VLOOKUP(TEXT(B93,"00"),'Blinding key'!$A$2:$G$26,7,FALSE()) -> A | M93: =IFERROR(AVERAGE(INDEX('R1'!$D$3:$M$27,$B93,IF($L93="A",$F93,$F93+5)),INDEX('R2'!$D$3:$M$27,$B93,IF($L93="A",$F93,$F93+5)),INDEX('R3'!$D$3:$M$27,$B93,IF($L93="A",$F93,$F93+5))),"") | N93: =IFERROR(AVERAGE(INDEX('R1'!$D$3:$M$27,$B93,IF($L93="A",$F93+5,$F93)),INDEX('R2'!$D$3:$M$27,$B93,IF($L93="A",$F93+5,$F93)),INDEX('R3'!$D$3:$M$27,$B93,IF($L93="A",$F93+5,$F93))),"") | O93: =IF(OR(M93="",N93=""),"",N93-M93) | P93: =IF(O93="","",IF(SIGN(ROUND(O93,6))=SIGN(ROUND(K93,6)),1,0)) | Q93: =IF(OR(G93<>"Y",O93=""),"",IF(SIGN(ROUND(O93,6))=SIGN(ROUND(H93-I93,6)),1,0)) | R93: =IF(G93<>"Y","",IF(SIGN(ROUND(K93,6))=SIGN(ROUND(H93-I93,6)),1,0))
A94: 93 | B94: 19 | C94: HE-9ebbf47e657d | D94: The Private Life of Sherlock Holmes | E94: Action Density | F94: 3 | G94: Y | H94: 0.4 | I94: 0.6 | J94: 0.2 | K94: =J94-I94 -> -0.4 | L94: =VLOOKUP(TEXT(B94,"00"),'Blinding key'!$A$2:$G$26,7,FALSE()) -> A | M94: =IFERROR(AVERAGE(INDEX('R1'!$D$3:$M$27,$B94,IF($L94="A",$F94,$F94+5)),INDEX('R2'!$D$3:$M$27,$B94,IF($L94="A",$F94,$F94+5)),INDEX('R3'!$D$3:$M$27,$B94,IF($L94="A",$F94,$F94+5))),"") | N94: =IFERROR(AVERAGE(INDEX('R1'!$D$3:$M$27,$B94,IF($L94="A",$F94+5,$F94)),INDEX('R2'!$D$3:$M$27,$B94,IF($L94="A",$F94+5,$F94)),INDEX('R3'!$D$3:$M$27,$B94,IF($L94="A",$F94+5,$F94))),"") | O94: =IF(OR(M94="",N94=""),"",N94-M94) | P94: =IF(O94="","",IF(SIGN(ROUND(O94,6))=SIGN(ROUND(K94,6)),1,0)) | Q94: =IF(OR(G94<>"Y",O94=""),"",IF(SIGN(ROUND(O94,6))=SIGN(ROUND(H94-I94,6)),1,0)) | R94: =IF(G94<>"Y","",IF(SIGN(ROUND(K94,6))=SIGN(ROUND(H94-I94,6)),1,0)) -> 1
A95: 94 | B95: 19 | C95: HE-9ebbf47e657d | D95: The Private Life of Sherlock Holmes | E95: Character Interaction | F95: 4 | I95: 0.5 | J95: 0.6 | K95: =J95-I95 -> 0.1 | L95: =VLOOKUP(TEXT(B95,"00"),'Blinding key'!$A$2:$G$26,7,FALSE()) -> A | M95: =IFERROR(AVERAGE(INDEX('R1'!$D$3:$M$27,$B95,IF($L95="A",$F95,$F95+5)),INDEX('R2'!$D$3:$M$27,$B95,IF($L95="A",$F95,$F95+5)),INDEX('R3'!$D$3:$M$27,$B95,IF($L95="A",$F95,$F95+5))),"") | N95: =IFERROR(AVERAGE(INDEX('R1'!$D$3:$M$27,$B95,IF($L95="A",$F95+5,$F95)),INDEX('R2'!$D$3:$M$27,$B95,IF($L95="A",$F95+5,$F95)),INDEX('R3'!$D$3:$M$27,$B95,IF($L95="A",$F95+5,$F95))),"") | O95: =IF(OR(M95="",N95=""),"",N95-M95) | P95: =IF(O95="","",IF(SIGN(ROUND(O95,6))=SIGN(ROUND(K95,6)),1,0)) | Q95: =IF(OR(G95<>"Y",O95=""),"",IF(SIGN(ROUND(O95,6))=SIGN(ROUND(H95-I95,6)),1,0)) | R95: =IF(G95<>"Y","",IF(SIGN(ROUND(K95,6))=SIGN(ROUND(H95-I95,6)),1,0))
A96: 95 | B96: 19 | C96: HE-9ebbf47e657d | D96: The Private Life of Sherlock Holmes | E96: Emotion Intensity | F96: 5 | I96: 0.3 | J96: 0.3 | K96: =J96-I96 -> 0 | L96: =VLOOKUP(TEXT(B96,"00"),'Blinding key'!$A$2:$G$26,7,FALSE()) -> A | M96: =IFERROR(AVERAGE(INDEX('R1'!$D$3:$M$27,$B96,IF($L96="A",$F96,$F96+5)),INDEX('R2'!$D$3:$M$27,$B96,IF($L96="A",$F96,$F96+5)),INDEX('R3'!$D$3:$M$27,$B96,IF($L96="A",$F96,$F96+5))),"") | N96: =IFERROR(AVERAGE(INDEX('R1'!$D$3:$M$27,$B96,IF($L96="A",$F96+5,$F96)),INDEX('R2'!$D$3:$M$27,$B96,IF($L96="A",$F96+5,$F96)),INDEX('R3'!$D$3:$M$27,$B96,IF($L96="A",$F96+5,$F96))),"") | O96: =IF(OR(M96="",N96=""),"",N96-M96) | P96: =IF(O96="","",IF(SIGN(ROUND(O96,6))=SIGN(ROUND(K96,6)),1,0)) | Q96: =IF(OR(G96<>"Y",O96=""),"",IF(SIGN(ROUND(O96,6))=SIGN(ROUND(H96-I96,6)),1,0)) | R96: =IF(G96<>"Y","",IF(SIGN(ROUND(K96,6))=SIGN(ROUND(H96-I96,6)),1,0))
A97: 96 | B97: 20 | C97: HE-84c122d8ccfe | D97: Dog Day Afternoon | E97: Pacing | F97: 1 | I97: 0.7 | J97: 0.6 | K97: =J97-I97 -> -0.1 | L97: =VLOOKUP(TEXT(B97,"00"),'Blinding key'!$A$2:$G$26,7,FALSE()) -> B | M97: =IFERROR(AVERAGE(INDEX('R1'!$D$3:$M$27,$B97,IF($L97="A",$F97,$F97+5)),INDEX('R2'!$D$3:$M$27,$B97,IF($L97="A",$F97,$F97+5)),INDEX('R3'!$D$3:$M$27,$B97,IF($L97="A",$F97,$F97+5))),"") | N97: =IFERROR(AVERAGE(INDEX('R1'!$D$3:$M$27,$B97,IF($L97="A",$F97+5,$F97)),INDEX('R2'!$D$3:$M$27,$B97,IF($L97="A",$F97+5,$F97)),INDEX('R3'!$D$3:$M$27,$B97,IF($L97="A",$F97+5,$F97))),"") | O97: =IF(OR(M97="",N97=""),"",N97-M97) | P97: =IF(O97="","",IF(SIGN(ROUND(O97,6))=SIGN(ROUND(K97,6)),1,0)) | Q97: =IF(OR(G97<>"Y",O97=""),"",IF(SIGN(ROUND(O97,6))=SIGN(ROUND(H97-I97,6)),1,0)) | R97: =IF(G97<>"Y","",IF(SIGN(ROUND(K97,6))=SIGN(ROUND(H97-I97,6)),1,0))
A98: 97 | B98: 20 | C98: HE-84c122d8ccfe | D98: Dog Day Afternoon | E98: Dialogue Density | F98: 2 | I98: 0.6 | J98: 0.4 | K98: =J98-I98 -> -0.2 | L98: =VLOOKUP(TEXT(B98,"00"),'Blinding key'!$A$2:$G$26,7,FALSE()) -> B | M98: =IFERROR(AVERAGE(INDEX('R1'!$D$3:$M$27,$B98,IF($L98="A",$F98,$F98+5)),INDEX('R2'!$D$3:$M$27,$B98,IF($L98="A",$F98,$F98+5)),INDEX('R3'!$D$3:$M$27,$B98,IF($L98="A",$F98,$F98+5))),"") | N98: =IFERROR(AVERAGE(INDEX('R1'!$D$3:$M$27,$B98,IF($L98="A",$F98+5,$F98)),INDEX('R2'!$D$3:$M$27,$B98,IF($L98="A",$F98+5,$F98)),INDEX('R3'!$D$3:$M$27,$B98,IF($L98="A",$F98+5,$F98))),"") | O98: =IF(OR(M98="",N98=""),"",N98-M98) | P98: =IF(O98="","",IF(SIGN(ROUND(O98,6))=SIGN(ROUND(K98,6)),1,0)) | Q98: =IF(OR(G98<>"Y",O98=""),"",IF(SIGN(ROUND(O98,6))=SIGN(ROUND(H98-I98,6)),1,0)) | R98: =IF(G98<>"Y","",IF(SIGN(ROUND(K98,6))=SIGN(ROUND(H98-I98,6)),1,0))
A99: 98 | B99: 20 | C99: HE-84c122d8ccfe | D99: Dog Day Afternoon | E99: Action Density | F99: 3 | I99: 0.4 | J99: 0.3 | K99: =J99-I99 -> -0.1 | L99: =VLOOKUP(TEXT(B99,"00"),'Blinding key'!$A$2:$G$26,7,FALSE()) -> B | M99: =IFERROR(AVERAGE(INDEX('R1'!$D$3:$M$27,$B99,IF($L99="A",$F99,$F99+5)),INDEX('R2'!$D$3:$M$27,$B99,IF($L99="A",$F99,$F99+5)),INDEX('R3'!$D$3:$M$27,$B99,IF($L99="A",$F99,$F99+5))),"") | N99: =IFERROR(AVERAGE(INDEX('R1'!$D$3:$M$27,$B99,IF($L99="A",$F99+5,$F99)),INDEX('R2'!$D$3:$M$27,$B99,IF($L99="A",$F99+5,$F99)),INDEX('R3'!$D$3:$M$27,$B99,IF($L99="A",$F99+5,$F99))),"") | O99: =IF(OR(M99="",N99=""),"",N99-M99) | P99: =IF(O99="","",IF(SIGN(ROUND(O99,6))=SIGN(ROUND(K99,6)),1,0)) | Q99: =IF(OR(G99<>"Y",O99=""),"",IF(SIGN(ROUND(O99,6))=SIGN(ROUND(H99-I99,6)),1,0)) | R99: =IF(G99<>"Y","",IF(SIGN(ROUND(K99,6))=SIGN(ROUND(H99-I99,6)),1,0))
A100: 99 | B100: 20 | C100: HE-84c122d8ccfe | D100: Dog Day Afternoon | E100: Character Interaction | F100: 4 | G100: Y | H100: 0.1 | I100: 0.3 | J100: 0.2 | K100: =J100-I100 -> -0.1 | L100: =VLOOKUP(TEXT(B100,"00"),'Blinding key'!$A$2:$G$26,7,FALSE()) -> B | M100: =IFERROR(AVERAGE(INDEX('R1'!$D$3:$M$27,$B100,IF($L100="A",$F100,$F100+5)),INDEX('R2'!$D$3:$M$27,$B100,IF($L100="A",$F100,$F100+5)),INDEX('R3'!$D$3:$M$27,$B100,IF($L100="A",$F100,$F100+5))),"") | N100: =IFERROR(AVERAGE(INDEX('R1'!$D$3:$M$27,$B100,IF($L100="A",$F100+5,$F100)),INDEX('R2'!$D$3:$M$27,$B100,IF($L100="A",$F100+5,$F100)),INDEX('R3'!$D$3:$M$27,$B100,IF($L100="A",$F100+5,$F100))),"") | O100: =IF(OR(M100="",N100=""),"",N100-M100) | P100: =IF(O100="","",IF(SIGN(ROUND(O100,6))=SIGN(ROUND(K100,6)),1,0)) | Q100: =IF(OR(G100<>"Y",O100=""),"",IF(SIGN(ROUND(O100,6))=SIGN(ROUND(H100-I100,6)),1,0)) | R100: =IF(G100<>"Y","",IF(SIGN(ROUND(K100,6))=SIGN(ROUND(H100-I100,6)),1,0)) -> 1
...

Sheet Quality
A1: Pair | B1: Original shown as | C1: Coherence Original | D1: Coherence Rewrite | E1: Coherence Rew − Orig | F1: Acceptability Original | G1: Acceptability Rewrite | H1: Acceptability Rew − Orig | I1: Characters: # Different | J1: Setting: # Different | K1: Events: # Different | L1: Content changed (≥2 raters, 1/0)
A2: 01 | B2: =VLOOKUP(A2,'Blinding key'!$A$2:$G$26,7,FALSE()) -> B | C2: =IFERROR(AVERAGE(INDEX('R1'!$D$3:$U$27,1,IF($B2="A",14,15)),INDEX('R2'!$D$3:$U$27,1,IF($B2="A",14,15)),INDEX('R3'!$D$3:$U$27,1,IF($B2="A",14,15))),"") | D2: =IFERROR(AVERAGE(INDEX('R1'!$D$3:$U$27,1,IF($B2="A",15,14)),INDEX('R2'!$D$3:$U$27,1,IF($B2="A",15,14)),INDEX('R3'!$D$3:$U$27,1,IF($B2="A",15,14))),"") | E2: =IF(OR(C2="",D2=""),"",D2-C2) | F2: =IFERROR(AVERAGE(INDEX('R1'!$D$3:$U$27,1,IF($B2="A",16,17)),INDEX('R2'!$D$3:$U$27,1,IF($B2="A",16,17)),INDEX('R3'!$D$3:$U$27,1,IF($B2="A",16,17))),"") | G2: =IFERROR(AVERAGE(INDEX('R1'!$D$3:$U$27,1,IF($B2="A",17,16)),INDEX('R2'!$D$3:$U$27,1,IF($B2="A",17,16)),INDEX('R3'!$D$3:$U$27,1,IF($B2="A",17,16))),"") | H2: =IF(OR(F2="",G2=""),"",G2-F2) | I2: =(INDEX('R1'!$D$3:$U$27,1,11)="Different")+(INDEX('R2'!$D$3:$U$27,1,11)="Different")+(INDEX('R3'!$D$3:$U$27,1,11)="Different") -> 0 | J2: =(INDEX('R1'!$D$3:$U$27,1,12)="Different")+(INDEX('R2'!$D$3:$U$27,1,12)="Different")+(INDEX('R3'!$D$3:$U$27,1,12)="Different") -> 0 | K2: =(INDEX('R1'!$D$3:$U$27,1,13)="Different")+(INDEX('R2'!$D$3:$U$27,1,13)="Different")+(INDEX('R3'!$D$3:$U$27,1,13)="Different") -> 0 | L2: =IF(C2="","",IF(OR(I2>=2,J2>=2,K2>=2),1,0))
A3: 02 | B3: =VLOOKUP(A3,'Blinding key'!$A$2:$G$26,7,FALSE()) -> A | C3: =IFERROR(AVERAGE(INDEX('R1'!$D$3:$U$27,2,IF($B3="A",14,15)),INDEX('R2'!$D$3:$U$27,2,IF($B3="A",14,15)),INDEX('R3'!$D$3:$U$27,2,IF($B3="A",14,15))),"") | D3: =IFERROR(AVERAGE(INDEX('R1'!$D$3:$U$27,2,IF($B3="A",15,14)),INDEX('R2'!$D$3:$U$27,2,IF($B3="A",15,14)),INDEX('R3'!$D$3:$U$27,2,IF($B3="A",15,14))),"") | E3: =IF(OR(C3="",D3=""),"",D3-C3) | F3: =IFERROR(AVERAGE(INDEX('R1'!$D$3:$U$27,2,IF($B3="A",16,17)),INDEX('R2'!$D$3:$U$27,2,IF($B3="A",16,17)),INDEX('R3'!$D$3:$U$27,2,IF($B3="A",16,17))),"") | G3: =IFERROR(AVERAGE(INDEX('R1'!$D$3:$U$27,2,IF($B3="A",17,16)),INDEX('R2'!$D$3:$U$27,2,IF($B3="A",17,16)),INDEX('R3'!$D$3:$U$27,2,IF($B3="A",17,16))),"") | H3: =IF(OR(F3="",G3=""),"",G3-F3) | I3: =(INDEX('R1'!$D$3:$U$27,2,11)="Different")+(INDEX('R2'!$D$3:$U$27,2,11)="Different")+(INDEX('R3'!$D$3:$U$27,2,11)="Different") -> 0 | J3: =(INDEX('R1'!$D$3:$U$27,2,12)="Different")+(INDEX('R2'!$D$3:$U$27,2,12)="Different")+(INDEX('R3'!$D$3:$U$27,2,12)="Different") -> 0 | K3: =(INDEX('R1'!$D$3:$U$27,2,13)="Different")+(INDEX('R2'!$D$3:$U$27,2,13)="Different")+(INDEX('R3'!$D$3:$U$27,2,13)="Different") -> 0 | L3: =IF(C3="","",IF(OR(I3>=2,J3>=2,K3>=2),1,0))
A4: 03 | B4: =VLOOKUP(A4,'Blinding key'!$A$2:$G$26,7,FALSE()) -> A | C4: =IFERROR(AVERAGE(INDEX('R1'!$D$3:$U$27,3,IF($B4="A",14,15)),INDEX('R2'!$D$3:$U$27,3,IF($B4="A",14,15)),INDEX('R3'!$D$3:$U$27,3,IF($B4="A",14,15))),"") | D4: =IFERROR(AVERAGE(INDEX('R1'!$D$3:$U$27,3,IF($B4="A",15,14)),INDEX('R2'!$D$3:$U$27,3,IF($B4="A",15,14)),INDEX('R3'!$D$3:$U$27,3,IF($B4="A",15,14))),"") | E4: =IF(OR(C4="",D4=""),"",D4-C4) | F4: =IFERROR(AVERAGE(INDEX('R1'!$D$3:$U$27,3,IF($B4="A",16,17)),INDEX('R2'!$D$3:$U$27,3,IF($B4="A",16,17)),INDEX('R3'!$D$3:$U$27,3,IF($B4="A",16,17))),"") | G4: =IFERROR(AVERAGE(INDEX('R1'!$D$3:$U$27,3,IF($B4="A",17,16)),INDEX('R2'!$D$3:$U$27,3,IF($B4="A",17,16)),INDEX('R3'!$D$3:$U$27,3,IF($B4="A",17,16))),"") | H4: =IF(OR(F4="",G4=""),"",G4-F4) | I4: =(INDEX('R1'!$D$3:$U$27,3,11)="Different")+(INDEX('R2'!$D$3:$U$27,3,11)="Different")+(INDEX('R3'!$D$3:$U$27,3,11)="Different") -> 0 | J4: =(INDEX('R1'!$D$3:$U$27,3,12)="Different")+(INDEX('R2'!$D$3:$U$27,3,12)="Different")+(INDEX('R3'!$D$3:$U$27,3,12)="Different") -> 0 | K4: =(INDEX('R1'!$D$3:$U$27,3,13)="Different")+(INDEX('R2'!$D$3:$U$27,3,13)="Different")+(INDEX('R3'!$D$3:$U$27,3,13)="Different") -> 0 | L4: =IF(C4="","",IF(OR(I4>=2,J4>=2,K4>=2),1,0))
A5: 04 | B5: =VLOOKUP(A5,'Blinding key'!$A$2:$G$26,7,FALSE()) -> B | C5: =IFERROR(AVERAGE(INDEX('R1'!$D$3:$U$27,4,IF($B5="A",14,15)),INDEX('R2'!$D$3:$U$27,4,IF($B5="A",14,15)),INDEX('R3'!$D$3:$U$27,4,IF($B5="A",14,15))),"") | D5: =IFERROR(AVERAGE(INDEX('R1'!$D$3:$U$27,4,IF($B5="A",15,14)),INDEX('R2'!$D$3:$U$27,4,IF($B5="A",15,14)),INDEX('R3'!$D$3:$U$27,4,IF($B5="A",15,14))),"") | E5: =IF(OR(C5="",D5=""),"",D5-C5) | F5: =IFERROR(AVERAGE(INDEX('R1'!$D$3:$U$27,4,IF($B5="A",16,17)),INDEX('R2'!$D$3:$U$27,4,IF($B5="A",16,17)),INDEX('R3'!$D$3:$U$27,4,IF($B5="A",16,17))),"") | G5: =IFERROR(AVERAGE(INDEX('R1'!$D$3:$U$27,4,IF($B5="A",17,16)),INDEX('R2'!$D$3:$U$27,4,IF($B5="A",17,16)),INDEX('R3'!$D$3:$U$27,4,IF($B5="A",17,16))),"") | H5: =IF(OR(F5="",G5=""),"",G5-F5) | I5: =(INDEX('R1'!$D$3:$U$27,4,11)="Different")+(INDEX('R2'!$D$3:$U$27,4,11)="Different")+(INDEX('R3'!$D$3:$U$27,4,11)="Different") -> 0 | J5: =(INDEX('R1'!$D$3:$U$27,4,12)="Different")+(INDEX('R2'!$D$3:$U$27,4,12)="Different")+(INDEX('R3'!$D$3:$U$27,4,12)="Different") -> 0 | K5: =(INDEX('R1'!$D$3:$U$27,4,13)="Different")+(INDEX('R2'!$D$3:$U$27,4,13)="Different")+(INDEX('R3'!$D$3:$U$27,4,13)="Different") -> 0 | L5: =IF(C5="","",IF(OR(I5>=2,J5>=2,K5>=2),1,0))
A6: 05 | B6: =VLOOKUP(A6,'Blinding key'!$A$2:$G$26,7,FALSE()) -> B | C6: =IFERROR(AVERAGE(INDEX('R1'!$D$3:$U$27,5,IF($B6="A",14,15)),INDEX('R2'!$D$3:$U$27,5,IF($B6="A",14,15)),INDEX('R3'!$D$3:$U$27,5,IF($B6="A",14,15))),"") | D6: =IFERROR(AVERAGE(INDEX('R1'!$D$3:$U$27,5,IF($B6="A",15,14)),INDEX('R2'!$D$3:$U$27,5,IF($B6="A",15,14)),INDEX('R3'!$D$3:$U$27,5,IF($B6="A",15,14))),"") | E6: =IF(OR(C6="",D6=""),"",D6-C6) | F6: =IFERROR(AVERAGE(INDEX('R1'!$D$3:$U$27,5,IF($B6="A",16,17)),INDEX('R2'!$D$3:$U$27,5,IF($B6="A",16,17)),INDEX('R3'!$D$3:$U$27,5,IF($B6="A",16,17))),"") | G6: =IFERROR(AVERAGE(INDEX('R1'!$D$3:$U$27,5,IF($B6="A",17,16)),INDEX('R2'!$D$3:$U$27,5,IF($B6="A",17,16)),INDEX('R3'!$D$3:$U$27,5,IF($B6="A",17,16))),"") | H6: =IF(OR(F6="",G6=""),"",G6-F6) | I6: =(INDEX('R1'!$D$3:$U$27,5,11)="Different")+(INDEX('R2'!$D$3:$U$27,5,11)="Different")+(INDEX('R3'!$D$3:$U$27,5,11)="Different") -> 0 | J6: =(INDEX('R1'!$D$3:$U$27,5,12)="Different")+(INDEX('R2'!$D$3:$U$27,5,12)="Different")+(INDEX('R3'!$D$3:$U$27,5,12)="Different") -> 0 | K6: =(INDEX('R1'!$D$3:$U$27,5,13)="Different")+(INDEX('R2'!$D$3:$U$27,5,13)="Different")+(INDEX('R3'!$D$3:$U$27,5,13)="Different") -> 0 | L6: =IF(C6="","",IF(OR(I6>=2,J6>=2,K6>=2),1,0))
A7: 06 | B7: =VLOOKUP(A7,'Blinding key'!$A$2:$G$26,7,FALSE()) -> A | C7: =IFERROR(AVERAGE(INDEX('R1'!$D$3:$U$27,6,IF($B7="A",14,15)),INDEX('R2'!$D$3:$U$27,6,IF($B7="A",14,15)),INDEX('R3'!$D$3:$U$27,6,IF($B7="A",14,15))),"") | D7: =IFERROR(AVERAGE(INDEX('R1'!$D$3:$U$27,6,IF($B7="A",15,14)),INDEX('R2'!$D$3:$U$27,6,IF($B7="A",15,14)),INDEX('R3'!$D$3:$U$27,6,IF($B7="A",15,14))),"") | E7: =IF(OR(C7="",D7=""),"",D7-C7) | F7: =IFERROR(AVERAGE(INDEX('R1'!$D$3:$U$27,6,IF($B7="A",16,17)),INDEX('R2'!$D$3:$U$27,6,IF($B7="A",16,17)),INDEX('R3'!$D$3:$U$27,6,IF($B7="A",16,17))),"") | G7: =IFERROR(AVERAGE(INDEX('R1'!$D$3:$U$27,6,IF($B7="A",17,16)),INDEX('R2'!$D$3:$U$27,6,IF($B7="A",17,16)),INDEX('R3'!$D$3:$U$27,6,IF($B7="A",17,16))),"") | H7: =IF(OR(F7="",G7=""),"",G7-F7) | I7: =(INDEX('R1'!$D$3:$U$27,6,11)="Different")+(INDEX('R2'!$D$3:$U$27,6,11)="Different")+(INDEX('R3'!$D$3:$U$27,6,11)="Different") -> 0 | J7: =(INDEX('R1'!$D$3:$U$27,6,12)="Different")+(INDEX('R2'!$D$3:$U$27,6,12)="Different")+(INDEX('R3'!$D$3:$U$27,6,12)="Different") -> 0 | K7: =(INDEX('R1'!$D$3:$U$27,6,13)="Different")+(INDEX('R2'!$D$3:$U$27,6,13)="Different")+(INDEX('R3'!$D$3:$U$27,6,13)="Different") -> 0 | L7: =IF(C7="","",IF(OR(I7>=2,J7>=2,K7>=2),1,0))
A8: 07 | B8: =VLOOKUP(A8,'Blinding key'!$A$2:$G$26,7,FALSE()) -> A | C8: =IFERROR(AVERAGE(INDEX('R1'!$D$3:$U$27,7,IF($B8="A",14,15)),INDEX('R2'!$D$3:$U$27,7,IF($B8="A",14,15)),INDEX('R3'!$D$3:$U$27,7,IF($B8="A",14,15))),"") | D8: =IFERROR(AVERAGE(INDEX('R1'!$D$3:$U$27,7,IF($B8="A",15,14)),INDEX('R2'!$D$3:$U$27,7,IF($B8="A",15,14)),INDEX('R3'!$D$3:$U$27,7,IF($B8="A",15,14))),"") | E8: =IF(OR(C8="",D8=""),"",D8-C8) | F8: =IFERROR(AVERAGE(INDEX('R1'!$D$3:$U$27,7,IF($B8="A",16,17)),INDEX('R2'!$D$3:$U$27,7,IF($B8="A",16,17)),INDEX('R3'!$D$3:$U$27,7,IF($B8="A",16,17))),"") | G8: =IFERROR(AVERAGE(INDEX('R1'!$D$3:$U$27,7,IF($B8="A",17,16)),INDEX('R2'!$D$3:$U$27,7,IF($B8="A",17,16)),INDEX('R3'!$D$3:$U$27,7,IF($B8="A",17,16))),"") | H8: =IF(OR(F8="",G8=""),"",G8-F8) | I8: =(INDEX('R1'!$D$3:$U$27,7,11)="Different")+(INDEX('R2'!$D$3:$U$27,7,11)="Different")+(INDEX('R3'!$D$3:$U$27,7,11)="Different") -> 0 | J8: =(INDEX('R1'!$D$3:$U$27,7,12)="Different")+(INDEX('R2'!$D$3:$U$27,7,12)="Different")+(INDEX('R3'!$D$3:$U$27,7,12)="Different") -> 0 | K8: =(INDEX('R1'!$D$3:$U$27,7,13)="Different")+(INDEX('R2'!$D$3:$U$27,7,13)="Different")+(INDEX('R3'!$D$3:$U$27,7,13)="Different") -> 0 | L8: =IF(C8="","",IF(OR(I8>=2,J8>=2,K8>=2),1,0))
A9: 08 | B9: =VLOOKUP(A9,'Blinding key'!$A$2:$G$26,7,FALSE()) -> A | C9: =IFERROR(AVERAGE(INDEX('R1'!$D$3:$U$27,8,IF($B9="A",14,15)),INDEX('R2'!$D$3:$U$27,8,IF($B9="A",14,15)),INDEX('R3'!$D$3:$U$27,8,IF($B9="A",14,15))),"") | D9: =IFERROR(AVERAGE(INDEX('R1'!$D$3:$U$27,8,IF($B9="A",15,14)),INDEX('R2'!$D$3:$U$27,8,IF($B9="A",15,14)),INDEX('R3'!$D$3:$U$27,8,IF($B9="A",15,14))),"") | E9: =IF(OR(C9="",D9=""),"",D9-C9) | F9: =IFERROR(AVERAGE(INDEX('R1'!$D$3:$U$27,8,IF($B9="A",16,17)),INDEX('R2'!$D$3:$U$27,8,IF($B9="A",16,17)),INDEX('R3'!$D$3:$U$27,8,IF($B9="A",16,17))),"") | G9: =IFERROR(AVERAGE(INDEX('R1'!$D$3:$U$27,8,IF($B9="A",17,16)),INDEX('R2'!$D$3:$U$27,8,IF($B9="A",17,16)),INDEX('R3'!$D$3:$U$27,8,IF($B9="A",17,16))),"") | H9: =IF(OR(F9="",G9=""),"",G9-F9) | I9: =(INDEX('R1'!$D$3:$U$27,8,11)="Different")+(INDEX('R2'!$D$3:$U$27,8,11)="Different")+(INDEX('R3'!$D$3:$U$27,8,11)="Different") -> 0 | J9: =(INDEX('R1'!$D$3:$U$27,8,12)="Different")+(INDEX('R2'!$D$3:$U$27,8,12)="Different")+(INDEX('R3'!$D$3:$U$27,8,12)="Different") -> 0 | K9: =(INDEX('R1'!$D$3:$U$27,8,13)="Different")+(INDEX('R2'!$D$3:$U$27,8,13)="Different")+(INDEX('R3'!$D$3:$U$27,8,13)="Different") -> 0 | L9: =IF(C9="","",IF(OR(I9>=2,J9>=2,K9>=2),1,0))
A10: 09 | B10: =VLOOKUP(A10,'Blinding key'!$A$2:$G$26,7,FALSE()) -> B | C10: =IFERROR(AVERAGE(INDEX('R1'!$D$3:$U$27,9,IF($B10="A",14,15)),INDEX('R2'!$D$3:$U$27,9,IF($B10="A",14,15)),INDEX('R3'!$D$3:$U$27,9,IF($B10="A",14,15))),"") | D10: =IFERROR(AVERAGE(INDEX('R1'!$D$3:$U$27,9,IF($B10="A",15,14)),INDEX('R2'!$D$3:$U$27,9,IF($B10="A",15,14)),INDEX('R3'!$D$3:$U$27,9,IF($B10="A",15,14))),"") | E10: =IF(OR(C10="",D10=""),"",D10-C10) | F10: =IFERROR(AVERAGE(INDEX('R1'!$D$3:$U$27,9,IF($B10="A",16,17)),INDEX('R2'!$D$3:$U$27,9,IF($B10="A",16,17)),INDEX('R3'!$D$3:$U$27,9,IF($B10="A",16,17))),"") | G10: =IFERROR(AVERAGE(INDEX('R1'!$D$3:$U$27,9,IF($B10="A",17,16)),INDEX('R2'!$D$3:$U$27,9,IF($B10="A",17,16)),INDEX('R3'!$D$3:$U$27,9,IF($B10="A",17,16))),"") | H10: =IF(OR(F10="",G10=""),"",G10-F10) | I10: =(INDEX('R1'!$D$3:$U$27,9,11)="Different")+(INDEX('R2'!$D$3:$U$27,9,11)="Different")+(INDEX('R3'!$D$3:$U$27,9,11)="Different") -> 0 | J10: =(INDEX('R1'!$D$3:$U$27,9,12)="Different")+(INDEX('R2'!$D$3:$U$27,9,12)="Different")+(INDEX('R3'!$D$3:$U$27,9,12)="Different") -> 0 | K10: =(INDEX('R1'!$D$3:$U$27,9,13)="Different")+(INDEX('R2'!$D$3:$U$27,9,13)="Different")+(INDEX('R3'!$D$3:$U$27,9,13)="Different") -> 0 | L10: =IF(C10="","",IF(OR(I10>=2,J10>=2,K10>=2),1,0))
A11: 10 | B11: =VLOOKUP(A11,'Blinding key'!$A$2:$G$26,7,FALSE()) -> B | C11: =IFERROR(AVERAGE(INDEX('R1'!$D$3:$U$27,10,IF($B11="A",14,15)),INDEX('R2'!$D$3:$U$27,10,IF($B11="A",14,15)),INDEX('R3'!$D$3:$U$27,10,IF($B11="A",14,15))),"") | D11: =IFERROR(AVERAGE(INDEX('R1'!$D$3:$U$27,10,IF($B11="A",15,14)),INDEX('R2'!$D$3:$U$27,10,IF($B11="A",15,14)),INDEX('R3'!$D$3:$U$27,10,IF($B11="A",15,14))),"") | E11: =IF(OR(C11="",D11=""),"",D11-C11) | F11: =IFERROR(AVERAGE(INDEX('R1'!$D$3:$U$27,10,IF($B11="A",16,17)),INDEX('R2'!$D$3:$U$27,10,IF($B11="A",16,17)),INDEX('R3'!$D$3:$U$27,10,IF($B11="A",16,17))),"") | G11: =IFERROR(AVERAGE(INDEX('R1'!$D$3:$U$27,10,IF($B11="A",17,16)),INDEX('R2'!$D$3:$U$27,10,IF($B11="A",17,16)),INDEX('R3'!$D$3:$U$27,10,IF($B11="A",17,16))),"") | H11: =IF(OR(F11="",G11=""),"",G11-F11) | I11: =(INDEX('R1'!$D$3:$U$27,10,11)="Different")+(INDEX('R2'!$D$3:$U$27,10,11)="Different")+(INDEX('R3'!$D$3:$U$27,10,11)="Different") -> 0 | J11: =(INDEX('R1'!$D$3:$U$27,10,12)="Different")+(INDEX('R2'!$D$3:$U$27,10,12)="Different")+(INDEX('R3'!$D$3:$U$27,10,12)="Different") -> 0 | K11: =(INDEX('R1'!$D$3:$U$27,10,13)="Different")+(INDEX('R2'!$D$3:$U$27,10,13)="Different")+(INDEX('R3'!$D$3:$U$27,10,13)="Different") -> 0 | L11: =IF(C11="","",IF(OR(I11>=2,J11>=2,K11>=2),1,0))
A12: 11 | B12: =VLOOKUP(A12,'Blinding key'!$A$2:$G$26,7,FALSE()) -> A | C12: =IFERROR(AVERAGE(INDEX('R1'!$D$3:$U$27,11,IF($B12="A",14,15)),INDEX('R2'!$D$3:$U$27,11,IF($B12="A",14,15)),INDEX('R3'!$D$3:$U$27,11,IF($B12="A",14,15))),"") | D12: =IFERROR(AVERAGE(INDEX('R1'!$D$3:$U$27,11,IF($B12="A",15,14)),INDEX('R2'!$D$3:$U$27,11,IF($B12="A",15,14)),INDEX('R3'!$D$3:$U$27,11,IF($B12="A",15,14))),"") | E12: =IF(OR(C12="",D12=""),"",D12-C12) | F12: =IFERROR(AVERAGE(INDEX('R1'!$D$3:$U$27,11,IF($B12="A",16,17)),INDEX('R2'!$D$3:$U$27,11,IF($B12="A",16,17)),INDEX('R3'!$D$3:$U$27,11,IF($B12="A",16,17))),"") | G12: =IFERROR(AVERAGE(INDEX('R1'!$D$3:$U$27,11,IF($B12="A",17,16)),INDEX('R2'!$D$3:$U$27,11,IF($B12="A",17,16)),INDEX('R3'!$D$3:$U$27,11,IF($B12="A",17,16))),"") | H12: =IF(OR(F12="",G12=""),"",G12-F12) | I12: =(INDEX('R1'!$D$3:$U$27,11,11)="Different")+(INDEX('R2'!$D$3:$U$27,11,11)="Different")+(INDEX('R3'!$D$3:$U$27,11,11)="Different") -> 0 | J12: =(INDEX('R1'!$D$3:$U$27,11,12)="Different")+(INDEX('R2'!$D$3:$U$27,11,12)="Different")+(INDEX('R3'!$D$3:$U$27,11,12)="Different") -> 0 | K12: =(INDEX('R1'!$D$3:$U$27,11,13)="Different")+(INDEX('R2'!$D$3:$U$27,11,13)="Different")+(INDEX('R3'!$D$3:$U$27,11,13)="Different") -> 0 | L12: =IF(C12="","",IF(OR(I12>=2,J12>=2,K12>=2),1,0))
A13: 12 | B13: =VLOOKUP(A13,'Blinding key'!$A$2:$G$26,7,FALSE()) -> B | C13: =IFERROR(AVERAGE(INDEX('R1'!$D$3:$U$27,12,IF($B13="A",14,15)),INDEX('R2'!$D$3:$U$27,12,IF($B13="A",14,15)),INDEX('R3'!$D$3:$U$27,12,IF($B13="A",14,15))),"") | D13: =IFERROR(AVERAGE(INDEX('R1'!$D$3:$U$27,12,IF($B13="A",15,14)),INDEX('R2'!$D$3:$U$27,12,IF($B13="A",15,14)),INDEX('R3'!$D$3:$U$27,12,IF($B13="A",15,14))),"") | E13: =IF(OR(C13="",D13=""),"",D13-C13) | F13: =IFERROR(AVERAGE(INDEX('R1'!$D$3:$U$27,12,IF($B13="A",16,17)),INDEX('R2'!$D$3:$U$27,12,IF($B13="A",16,17)),INDEX('R3'!$D$3:$U$27,12,IF($B13="A",16,17))),"") | G13: =IFERROR(AVERAGE(INDEX('R1'!$D$3:$U$27,12,IF($B13="A",17,16)),INDEX('R2'!$D$3:$U$27,12,IF($B13="A",17,16)),INDEX('R3'!$D$3:$U$27,12,IF($B13="A",17,16))),"") | H13: =IF(OR(F13="",G13=""),"",G13-F13) | I13: =(INDEX('R1'!$D$3:$U$27,12,11)="Different")+(INDEX('R2'!$D$3:$U$27,12,11)="Different")+(INDEX('R3'!$D$3:$U$27,12,11)="Different") -> 0 | J13: =(INDEX('R1'!$D$3:$U$27,12,12)="Different")+(INDEX('R2'!$D$3:$U$27,12,12)="Different")+(INDEX('R3'!$D$3:$U$27,12,12)="Different") -> 0 | K13: =(INDEX('R1'!$D$3:$U$27,12,13)="Different")+(INDEX('R2'!$D$3:$U$27,12,13)="Different")+(INDEX('R3'!$D$3:$U$27,12,13)="Different") -> 0 | L13: =IF(C13="","",IF(OR(I13>=2,J13>=2,K13>=2),1,0))
A14: 13 | B14: =VLOOKUP(A14,'Blinding key'!$A$2:$G$26,7,FALSE()) -> A | C14: =IFERROR(AVERAGE(INDEX('R1'!$D$3:$U$27,13,IF($B14="A",14,15)),INDEX('R2'!$D$3:$U$27,13,IF($B14="A",14,15)),INDEX('R3'!$D$3:$U$27,13,IF($B14="A",14,15))),"") | D14: =IFERROR(AVERAGE(INDEX('R1'!$D$3:$U$27,13,IF($B14="A",15,14)),INDEX('R2'!$D$3:$U$27,13,IF($B14="A",15,14)),INDEX('R3'!$D$3:$U$27,13,IF($B14="A",15,14))),"") | E14: =IF(OR(C14="",D14=""),"",D14-C14) | F14: =IFERROR(AVERAGE(INDEX('R1'!$D$3:$U$27,13,IF($B14="A",16,17)),INDEX('R2'!$D$3:$U$27,13,IF($B14="A",16,17)),INDEX('R3'!$D$3:$U$27,13,IF($B14="A",16,17))),"") | G14: =IFERROR(AVERAGE(INDEX('R1'!$D$3:$U$27,13,IF($B14="A",17,16)),INDEX('R2'!$D$3:$U$27,13,IF($B14="A",17,16)),INDEX('R3'!$D$3:$U$27,13,IF($B14="A",17,16))),"") | H14: =IF(OR(F14="",G14=""),"",G14-F14) | I14: =(INDEX('R1'!$D$3:$U$27,13,11)="Different")+(INDEX('R2'!$D$3:$U$27,13,11)="Different")+(INDEX('R3'!$D$3:$U$27,13,11)="Different") -> 0 | J14: =(INDEX('R1'!$D$3:$U$27,13,12)="Different")+(INDEX('R2'!$D$3:$U$27,13,12)="Different")+(INDEX('R3'!$D$3:$U$27,13,12)="Different") -> 0 | K14: =(INDEX('R1'!$D$3:$U$27,13,13)="Different")+(INDEX('R2'!$D$3:$U$27,13,13)="Different")+(INDEX('R3'!$D$3:$U$27,13,13)="Different") -> 0 | L14: =IF(C14="","",IF(OR(I14>=2,J14>=2,K14>=2),1,0))
A15: 14 | B15: =VLOOKUP(A15,'Blinding key'!$A$2:$G$26,7,FALSE()) -> B | C15: =IFERROR(AVERAGE(INDEX('R1'!$D$3:$U$27,14,IF($B15="A",14,15)),INDEX('R2'!$D$3:$U$27,14,IF($B15="A",14,15)),INDEX('R3'!$D$3:$U$27,14,IF($B15="A",14,15))),"") | D15: =IFERROR(AVERAGE(INDEX('R1'!$D$3:$U$27,14,IF($B15="A",15,14)),INDEX('R2'!$D$3:$U$27,14,IF($B15="A",15,14)),INDEX('R3'!$D$3:$U$27,14,IF($B15="A",15,14))),"") | E15: =IF(OR(C15="",D15=""),"",D15-C15) | F15: =IFERROR(AVERAGE(INDEX('R1'!$D$3:$U$27,14,IF($B15="A",16,17)),INDEX('R2'!$D$3:$U$27,14,IF($B15="A",16,17)),INDEX('R3'!$D$3:$U$27,14,IF($B15="A",16,17))),"") | G15: =IFERROR(AVERAGE(INDEX('R1'!$D$3:$U$27,14,IF($B15="A",17,16)),INDEX('R2'!$D$3:$U$27,14,IF($B15="A",17,16)),INDEX('R3'!$D$3:$U$27,14,IF($B15="A",17,16))),"") | H15: =IF(OR(F15="",G15=""),"",G15-F15) | I15: =(INDEX('R1'!$D$3:$U$27,14,11)="Different")+(INDEX('R2'!$D$3:$U$27,14,11)="Different")+(INDEX('R3'!$D$3:$U$27,14,11)="Different") -> 0 | J15: =(INDEX('R1'!$D$3:$U$27,14,12)="Different")+(INDEX('R2'!$D$3:$U$27,14,12)="Different")+(INDEX('R3'!$D$3:$U$27,14,12)="Different") -> 0 | K15: =(INDEX('R1'!$D$3:$U$27,14,13)="Different")+(INDEX('R2'!$D$3:$U$27,14,13)="Different")+(INDEX('R3'!$D$3:$U$27,14,13)="Different") -> 0 | L15: =IF(C15="","",IF(OR(I15>=2,J15>=2,K15>=2),1,0))
A16: 15 | B16: =VLOOKUP(A16,'Blinding key'!$A$2:$G$26,7,FALSE()) -> B | C16: =IFERROR(AVERAGE(INDEX('R1'!$D$3:$U$27,15,IF($B16="A",14,15)),INDEX('R2'!$D$3:$U$27,15,IF($B16="A",14,15)),INDEX('R3'!$D$3:$U$27,15,IF($B16="A",14,15))),"") | D16: =IFERROR(AVERAGE(INDEX('R1'!$D$3:$U$27,15,IF($B16="A",15,14)),INDEX('R2'!$D$3:$U$27,15,IF($B16="A",15,14)),INDEX('R3'!$D$3:$U$27,15,IF($B16="A",15,14))),"") | E16: =IF(OR(C16="",D16=""),"",D16-C16) | F16: =IFERROR(AVERAGE(INDEX('R1'!$D$3:$U$27,15,IF($B16="A",16,17)),INDEX('R2'!$D$3:$U$27,15,IF($B16="A",16,17)),INDEX('R3'!$D$3:$U$27,15,IF($B16="A",16,17))),"") | G16: =IFERROR(AVERAGE(INDEX('R1'!$D$3:$U$27,15,IF($B16="A",17,16)),INDEX('R2'!$D$3:$U$27,15,IF($B16="A",17,16)),INDEX('R3'!$D$3:$U$27,15,IF($B16="A",17,16))),"") | H16: =IF(OR(F16="",G16=""),"",G16-F16) | I16: =(INDEX('R1'!$D$3:$U$27,15,11)="Different")+(INDEX('R2'!$D$3:$U$27,15,11)="Different")+(INDEX('R3'!$D$3:$U$27,15,11)="Different") -> 0 | J16: =(INDEX('R1'!$D$3:$U$27,15,12)="Different")+(INDEX('R2'!$D$3:$U$27,15,12)="Different")+(INDEX('R3'!$D$3:$U$27,15,12)="Different") -> 0 | K16: =(INDEX('R1'!$D$3:$U$27,15,13)="Different")+(INDEX('R2'!$D$3:$U$27,15,13)="Different")+(INDEX('R3'!$D$3:$U$27,15,13)="Different") -> 0 | L16: =IF(C16="","",IF(OR(I16>=2,J16>=2,K16>=2),1,0))
A17: 16 | B17: =VLOOKUP(A17,'Blinding key'!$A$2:$G$26,7,FALSE()) -> B | C17: =IFERROR(AVERAGE(INDEX('R1'!$D$3:$U$27,16,IF($B17="A",14,15)),INDEX('R2'!$D$3:$U$27,16,IF($B17="A",14,15)),INDEX('R3'!$D$3:$U$27,16,IF($B17="A",14,15))),"") | D17: =IFERROR(AVERAGE(INDEX('R1'!$D$3:$U$27,16,IF($B17="A",15,14)),INDEX('R2'!$D$3:$U$27,16,IF($B17="A",15,14)),INDEX('R3'!$D$3:$U$27,16,IF($B17="A",15,14))),"") | E17: =IF(OR(C17="",D17=""),"",D17-C17) | F17: =IFERROR(AVERAGE(INDEX('R1'!$D$3:$U$27,16,IF($B17="A",16,17)),INDEX('R2'!$D$3:$U$27,16,IF($B17="A",16,17)),INDEX('R3'!$D$3:$U$27,16,IF($B17="A",16,17))),"") | G17: =IFERROR(AVERAGE(INDEX('R1'!$D$3:$U$27,16,IF($B17="A",17,16)),INDEX('R2'!$D$3:$U$27,16,IF($B17="A",17,16)),INDEX('R3'!$D$3:$U$27,16,IF($B17="A",17,16))),"") | H17: =IF(OR(F17="",G17=""),"",G17-F17) | I17: =(INDEX('R1'!$D$3:$U$27,16,11)="Different")+(INDEX('R2'!$D$3:$U$27,16,11)="Different")+(INDEX('R3'!$D$3:$U$27,16,11)="Different") -> 0 | J17: =(INDEX('R1'!$D$3:$U$27,16,12)="Different")+(INDEX('R2'!$D$3:$U$27,16,12)="Different")+(INDEX('R3'!$D$3:$U$27,16,12)="Different") -> 0 | K17: =(INDEX('R1'!$D$3:$U$27,16,13)="Different")+(INDEX('R2'!$D$3:$U$27,16,13)="Different")+(INDEX('R3'!$D$3:$U$27,16,13)="Different") -> 0 | L17: =IF(C17="","",IF(OR(I17>=2,J17>=2,K17>=2),1,0))
A18: 17 | B18: =VLOOKUP(A18,'Blinding key'!$A$2:$G$26,7,FALSE()) -> A | C18: =IFERROR(AVERAGE(INDEX('R1'!$D$3:$U$27,17,IF($B18="A",14,15)),INDEX('R2'!$D$3:$U$27,17,IF($B18="A",14,15)),INDEX('R3'!$D$3:$U$27,17,IF($B18="A",14,15))),"") | D18: =IFERROR(AVERAGE(INDEX('R1'!$D$3:$U$27,17,IF($B18="A",15,14)),INDEX('R2'!$D$3:$U$27,17,IF($B18="A",15,14)),INDEX('R3'!$D$3:$U$27,17,IF($B18="A",15,14))),"") | E18: =IF(OR(C18="",D18=""),"",D18-C18) | F18: =IFERROR(AVERAGE(INDEX('R1'!$D$3:$U$27,17,IF($B18="A",16,17)),INDEX('R2'!$D$3:$U$27,17,IF($B18="A",16,17)),INDEX('R3'!$D$3:$U$27,17,IF($B18="A",16,17))),"") | G18: =IFERROR(AVERAGE(INDEX('R1'!$D$3:$U$27,17,IF($B18="A",17,16)),INDEX('R2'!$D$3:$U$27,17,IF($B18="A",17,16)),INDEX('R3'!$D$3:$U$27,17,IF($B18="A",17,16))),"") | H18: =IF(OR(F18="",G18=""),"",G18-F18) | I18: =(INDEX('R1'!$D$3:$U$27,17,11)="Different")+(INDEX('R2'!$D$3:$U$27,17,11)="Different")+(INDEX('R3'!$D$3:$U$27,17,11)="Different") -> 0 | J18: =(INDEX('R1'!$D$3:$U$27,17,12)="Different")+(INDEX('R2'!$D$3:$U$27,17,12)="Different")+(INDEX('R3'!$D$3:$U$27,17,12)="Different") -> 0 | K18: =(INDEX('R1'!$D$3:$U$27,17,13)="Different")+(INDEX('R2'!$D$3:$U$27,17,13)="Different")+(INDEX('R3'!$D$3:$U$27,17,13)="Different") -> 0 | L18: =IF(C18="","",IF(OR(I18>=2,J18>=2,K18>=2),1,0))
A19: 18 | B19: =VLOOKUP(A19,'Blinding key'!$A$2:$G$26,7,FALSE()) -> B | C19: =IFERROR(AVERAGE(INDEX('R1'!$D$3:$U$27,18,IF($B19="A",14,15)),INDEX('R2'!$D$3:$U$27,18,IF($B19="A",14,15)),INDEX('R3'!$D$3:$U$27,18,IF($B19="A",14,15))),"") | D19: =IFERROR(AVERAGE(INDEX('R1'!$D$3:$U$27,18,IF($B19="A",15,14)),INDEX('R2'!$D$3:$U$27,18,IF($B19="A",15,14)),INDEX('R3'!$D$3:$U$27,18,IF($B19="A",15,14))),"") | E19: =IF(OR(C19="",D19=""),"",D19-C19) | F19: =IFERROR(AVERAGE(INDEX('R1'!$D$3:$U$27,18,IF($B19="A",16,17)),INDEX('R2'!$D$3:$U$27,18,IF($B19="A",16,17)),INDEX('R3'!$D$3:$U$27,18,IF($B19="A",16,17))),"") | G19: =IFERROR(AVERAGE(INDEX('R1'!$D$3:$U$27,18,IF($B19="A",17,16)),INDEX('R2'!$D$3:$U$27,18,IF($B19="A",17,16)),INDEX('R3'!$D$3:$U$27,18,IF($B19="A",17,16))),"") | H19: =IF(OR(F19="",G19=""),"",G19-F19) | I19: =(INDEX('R1'!$D$3:$U$27,18,11)="Different")+(INDEX('R2'!$D$3:$U$27,18,11)="Different")+(INDEX('R3'!$D$3:$U$27,18,11)="Different") -> 0 | J19: =(INDEX('R1'!$D$3:$U$27,18,12)="Different")+(INDEX('R2'!$D$3:$U$27,18,12)="Different")+(INDEX('R3'!$D$3:$U$27,18,12)="Different") -> 0 | K19: =(INDEX('R1'!$D$3:$U$27,18,13)="Different")+(INDEX('R2'!$D$3:$U$27,18,13)="Different")+(INDEX('R3'!$D$3:$U$27,18,13)="Different") -> 0 | L19: =IF(C19="","",IF(OR(I19>=2,J19>=2,K19>=2),1,0))
A20: 19 | B20: =VLOOKUP(A20,'Blinding key'!$A$2:$G$26,7,FALSE()) -> A | C20: =IFERROR(AVERAGE(INDEX('R1'!$D$3:$U$27,19,IF($B20="A",14,15)),INDEX('R2'!$D$3:$U$27,19,IF($B20="A",14,15)),INDEX('R3'!$D$3:$U$27,19,IF($B20="A",14,15))),"") | D20: =IFERROR(AVERAGE(INDEX('R1'!$D$3:$U$27,19,IF($B20="A",15,14)),INDEX('R2'!$D$3:$U$27,19,IF($B20="A",15,14)),INDEX('R3'!$D$3:$U$27,19,IF($B20="A",15,14))),"") | E20: =IF(OR(C20="",D20=""),"",D20-C20) | F20: =IFERROR(AVERAGE(INDEX('R1'!$D$3:$U$27,19,IF($B20="A",16,17)),INDEX('R2'!$D$3:$U$27,19,IF($B20="A",16,17)),INDEX('R3'!$D$3:$U$27,19,IF($B20="A",16,17))),"") | G20: =IFERROR(AVERAGE(INDEX('R1'!$D$3:$U$27,19,IF($B20="A",17,16)),INDEX('R2'!$D$3:$U$27,19,IF($B20="A",17,16)),INDEX('R3'!$D$3:$U$27,19,IF($B20="A",17,16))),"") | H20: =IF(OR(F20="",G20=""),"",G20-F20) | I20: =(INDEX('R1'!$D$3:$U$27,19,11)="Different")+(INDEX('R2'!$D$3:$U$27,19,11)="Different")+(INDEX('R3'!$D$3:$U$27,19,11)="Different") -> 0 | J20: =(INDEX('R1'!$D$3:$U$27,19,12)="Different")+(INDEX('R2'!$D$3:$U$27,19,12)="Different")+(INDEX('R3'!$D$3:$U$27,19,12)="Different") -> 0 | K20: =(INDEX('R1'!$D$3:$U$27,19,13)="Different")+(INDEX('R2'!$D$3:$U$27,19,13)="Different")+(INDEX('R3'!$D$3:$U$27,19,13)="Different") -> 0 | L20: =IF(C20="","",IF(OR(I20>=2,J20>=2,K20>=2),1,0))
A21: 20 | B21: =VLOOKUP(A21,'Blinding key'!$A$2:$G$26,7,FALSE()) -> B | C21: =IFERROR(AVERAGE(INDEX('R1'!$D$3:$U$27,20,IF($B21="A",14,15)),INDEX('R2'!$D$3:$U$27,20,IF($B21="A",14,15)),INDEX('R3'!$D$3:$U$27,20,IF($B21="A",14,15))),"") | D21: =IFERROR(AVERAGE(INDEX('R1'!$D$3:$U$27,20,IF($B21="A",15,14)),INDEX('R2'!$D$3:$U$27,20,IF($B21="A",15,14)),INDEX('R3'!$D$3:$U$27,20,IF($B21="A",15,14))),"") | E21: =IF(OR(C21="",D21=""),"",D21-C21) | F21: =IFERROR(AVERAGE(INDEX('R1'!$D$3:$U$27,20,IF($B21="A",16,17)),INDEX('R2'!$D$3:$U$27,20,IF($B21="A",16,17)),INDEX('R3'!$D$3:$U$27,20,IF($B21="A",16,17))),"") | G21: =IFERROR(AVERAGE(INDEX('R1'!$D$3:$U$27,20,IF($B21="A",17,16)),INDEX('R2'!$D$3:$U$27,20,IF($B21="A",17,16)),INDEX('R3'!$D$3:$U$27,20,IF($B21="A",17,16))),"") | H21: =IF(OR(F21="",G21=""),"",G21-F21) | I21: =(INDEX('R1'!$D$3:$U$27,20,11)="Different")+(INDEX('R2'!$D$3:$U$27,20,11)="Different")+(INDEX('R3'!$D$3:$U$27,20,11)="Different") -> 0 | J21: =(INDEX('R1'!$D$3:$U$27,20,12)="Different")+(INDEX('R2'!$D$3:$U$27,20,12)="Different")+(INDEX('R3'!$D$3:$U$27,20,12)="Different") -> 0 | K21: =(INDEX('R1'!$D$3:$U$27,20,13)="Different")+(INDEX('R2'!$D$3:$U$27,20,13)="Different")+(INDEX('R3'!$D$3:$U$27,20,13)="Different") -> 0 | L21: =IF(C21="","",IF(OR(I21>=2,J21>=2,K21>=2),1,0))
A22: 21 | B22: =VLOOKUP(A22,'Blinding key'!$A$2:$G$26,7,FALSE()) -> A | C22: =IFERROR(AVERAGE(INDEX('R1'!$D$3:$U$27,21,IF($B22="A",14,15)),INDEX('R2'!$D$3:$U$27,21,IF($B22="A",14,15)),INDEX('R3'!$D$3:$U$27,21,IF($B22="A",14,15))),"") | D22: =IFERROR(AVERAGE(INDEX('R1'!$D$3:$U$27,21,IF($B22="A",15,14)),INDEX('R2'!$D$3:$U$27,21,IF($B22="A",15,14)),INDEX('R3'!$D$3:$U$27,21,IF($B22="A",15,14))),"") | E22: =IF(OR(C22="",D22=""),"",D22-C22) | F22: =IFERROR(AVERAGE(INDEX('R1'!$D$3:$U$27,21,IF($B22="A",16,17)),INDEX('R2'!$D$3:$U$27,21,IF($B22="A",16,17)),INDEX('R3'!$D$3:$U$27,21,IF($B22="A",16,17))),"") | G22: =IFERROR(AVERAGE(INDEX('R1'!$D$3:$U$27,21,IF($B22="A",17,16)),INDEX('R2'!$D$3:$U$27,21,IF($B22="A",17,16)),INDEX('R3'!$D$3:$U$27,21,IF($B22="A",17,16))),"") | H22: =IF(OR(F22="",G22=""),"",G22-F22) | I22: =(INDEX('R1'!$D$3:$U$27,21,11)="Different")+(INDEX('R2'!$D$3:$U$27,21,11)="Different")+(INDEX('R3'!$D$3:$U$27,21,11)="Different") -> 0 | J22: =(INDEX('R1'!$D$3:$U$27,21,12)="Different")+(INDEX('R2'!$D$3:$U$27,21,12)="Different")+(INDEX('R3'!$D$3:$U$27,21,12)="Different") -> 0 | K22: =(INDEX('R1'!$D$3:$U$27,21,13)="Different")+(INDEX('R2'!$D$3:$U$27,21,13)="Different")+(INDEX('R3'!$D$3:$U$27,21,13)="Different") -> 0 | L22: =IF(C22="","",IF(OR(I22>=2,J22>=2,K22>=2),1,0))
A23: 22 | B23: =VLOOKUP(A23,'Blinding key'!$A$2:$G$26,7,FALSE()) -> A | C23: =IFERROR(AVERAGE(INDEX('R1'!$D$3:$U$27,22,IF($B23="A",14,15)),INDEX('R2'!$D$3:$U$27,22,IF($B23="A",14,15)),INDEX('R3'!$D$3:$U$27,22,IF($B23="A",14,15))),"") | D23: =IFERROR(AVERAGE(INDEX('R1'!$D$3:$U$27,22,IF($B23="A",15,14)),INDEX('R2'!$D$3:$U$27,22,IF($B23="A",15,14)),INDEX('R3'!$D$3:$U$27,22,IF($B23="A",15,14))),"") | E23: =IF(OR(C23="",D23=""),"",D23-C23) | F23: =IFERROR(AVERAGE(INDEX('R1'!$D$3:$U$27,22,IF($B23="A",16,17)),INDEX('R2'!$D$3:$U$27,22,IF($B23="A",16,17)),INDEX('R3'!$D$3:$U$27,22,IF($B23="A",16,17))),"") | G23: =IFERROR(AVERAGE(INDEX('R1'!$D$3:$U$27,22,IF($B23="A",17,16)),INDEX('R2'!$D$3:$U$27,22,IF($B23="A",17,16)),INDEX('R3'!$D$3:$U$27,22,IF($B23="A",17,16))),"") | H23: =IF(OR(F23="",G23=""),"",G23-F23) | I23: =(INDEX('R1'!$D$3:$U$27,22,11)="Different")+(INDEX('R2'!$D$3:$U$27,22,11)="Different")+(INDEX('R3'!$D$3:$U$27,22,11)="Different") -> 0 | J23: =(INDEX('R1'!$D$3:$U$27,22,12)="Different")+(INDEX('R2'!$D$3:$U$27,22,12)="Different")+(INDEX('R3'!$D$3:$U$27,22,12)="Different") -> 0 | K23: =(INDEX('R1'!$D$3:$U$27,22,13)="Different")+(INDEX('R2'!$D$3:$U$27,22,13)="Different")+(INDEX('R3'!$D$3:$U$27,22,13)="Different") -> 0 | L23: =IF(C23="","",IF(OR(I23>=2,J23>=2,K23>=2),1,0))
A24: 23 | B24: =VLOOKUP(A24,'Blinding key'!$A$2:$G$26,7,FALSE()) -> A | C24: =IFERROR(AVERAGE(INDEX('R1'!$D$3:$U$27,23,IF($B24="A",14,15)),INDEX('R2'!$D$3:$U$27,23,IF($B24="A",14,15)),INDEX('R3'!$D$3:$U$27,23,IF($B24="A",14,15))),"") | D24: =IFERROR(AVERAGE(INDEX('R1'!$D$3:$U$27,23,IF($B24="A",15,14)),INDEX('R2'!$D$3:$U$27,23,IF($B24="A",15,14)),INDEX('R3'!$D$3:$U$27,23,IF($B24="A",15,14))),"") | E24: =IF(OR(C24="",D24=""),"",D24-C24) | F24: =IFERROR(AVERAGE(INDEX('R1'!$D$3:$U$27,23,IF($B24="A",16,17)),INDEX('R2'!$D$3:$U$27,23,IF($B24="A",16,17)),INDEX('R3'!$D$3:$U$27,23,IF($B24="A",16,17))),"") | G24: =IFERROR(AVERAGE(INDEX('R1'!$D$3:$U$27,23,IF($B24="A",17,16)),INDEX('R2'!$D$3:$U$27,23,IF($B24="A",17,16)),INDEX('R3'!$D$3:$U$27,23,IF($B24="A",17,16))),"") | H24: =IF(OR(F24="",G24=""),"",G24-F24) | I24: =(INDEX('R1'!$D$3:$U$27,23,11)="Different")+(INDEX('R2'!$D$3:$U$27,23,11)="Different")+(INDEX('R3'!$D$3:$U$27,23,11)="Different") -> 0 | J24: =(INDEX('R1'!$D$3:$U$27,23,12)="Different")+(INDEX('R2'!$D$3:$U$27,23,12)="Different")+(INDEX('R3'!$D$3:$U$27,23,12)="Different") -> 0 | K24: =(INDEX('R1'!$D$3:$U$27,23,13)="Different")+(INDEX('R2'!$D$3:$U$27,23,13)="Different")+(INDEX('R3'!$D$3:$U$27,23,13)="Different") -> 0 | L24: =IF(C24="","",IF(OR(I24>=2,J24>=2,K24>=2),1,0))
A25: 24 | B25: =VLOOKUP(A25,'Blinding key'!$A$2:$G$26,7,FALSE()) -> A | C25: =IFERROR(AVERAGE(INDEX('R1'!$D$3:$U$27,24,IF($B25="A",14,15)),INDEX('R2'!$D$3:$U$27,24,IF($B25="A",14,15)),INDEX('R3'!$D$3:$U$27,24,IF($B25="A",14,15))),"") | D25: =IFERROR(AVERAGE(INDEX('R1'!$D$3:$U$27,24,IF($B25="A",15,14)),INDEX('R2'!$D$3:$U$27,24,IF($B25="A",15,14)),INDEX('R3'!$D$3:$U$27,24,IF($B25="A",15,14))),"") | E25: =IF(OR(C25="",D25=""),"",D25-C25) | F25: =IFERROR(AVERAGE(INDEX('R1'!$D$3:$U$27,24,IF($B25="A",16,17)),INDEX('R2'!$D$3:$U$27,24,IF($B25="A",16,17)),INDEX('R3'!$D$3:$U$27,24,IF($B25="A",16,17))),"") | G25: =IFERROR(AVERAGE(INDEX('R1'!$D$3:$U$27,24,IF($B25="A",17,16)),INDEX('R2'!$D$3:$U$27,24,IF($B25="A",17,16)),INDEX('R3'!$D$3:$U$27,24,IF($B25="A",17,16))),"") | H25: =IF(OR(F25="",G25=""),"",G25-F25) | I25: =(INDEX('R1'!$D$3:$U$27,24,11)="Different")+(INDEX('R2'!$D$3:$U$27,24,11)="Different")+(INDEX('R3'!$D$3:$U$27,24,11)="Different") -> 0 | J25: =(INDEX('R1'!$D$3:$U$27,24,12)="Different")+(INDEX('R2'!$D$3:$U$27,24,12)="Different")+(INDEX('R3'!$D$3:$U$27,24,12)="Different") -> 0 | K25: =(INDEX('R1'!$D$3:$U$27,24,13)="Different")+(INDEX('R2'!$D$3:$U$27,24,13)="Different")+(INDEX('R3'!$D$3:$U$27,24,13)="Different") -> 0 | L25: =IF(C25="","",IF(OR(I25>=2,J25>=2,K25>=2),1,0))
A26: 25 | B26: =VLOOKUP(A26,'Blinding key'!$A$2:$G$26,7,FALSE()) -> B | C26: =IFERROR(AVERAGE(INDEX('R1'!$D$3:$U$27,25,IF($B26="A",14,15)),INDEX('R2'!$D$3:$U$27,25,IF($B26="A",14,15)),INDEX('R3'!$D$3:$U$27,25,IF($B26="A",14,15))),"") | D26: =IFERROR(AVERAGE(INDEX('R1'!$D$3:$U$27,25,IF($B26="A",15,14)),INDEX('R2'!$D$3:$U$27,25,IF($B26="A",15,14)),INDEX('R3'!$D$3:$U$27,25,IF($B26="A",15,14))),"") | E26: =IF(OR(C26="",D26=""),"",D26-C26) | F26: =IFERROR(AVERAGE(INDEX('R1'!$D$3:$U$27,25,IF($B26="A",16,17)),INDEX('R2'!$D$3:$U$27,25,IF($B26="A",16,17)),INDEX('R3'!$D$3:$U$27,25,IF($B26="A",16,17))),"") | G26: =IFERROR(AVERAGE(INDEX('R1'!$D$3:$U$27,25,IF($B26="A",17,16)),INDEX('R2'!$D$3:$U$27,25,IF($B26="A",17,16)),INDEX('R3'!$D$3:$U$27,25,IF($B26="A",17,16))),"") | H26: =IF(OR(F26="",G26=""),"",G26-F26) | I26: =(INDEX('R1'!$D$3:$U$27,25,11)="Different")+(INDEX('R2'!$D$3:$U$27,25,11)="Different")+(INDEX('R3'!$D$3:$U$27,25,11)="Different") -> 0 | J26: =(INDEX('R1'!$D$3:$U$27,25,12)="Different")+(INDEX('R2'!$D$3:$U$27,25,12)="Different")+(INDEX('R3'!$D$3:$U$27,25,12)="Different") -> 0 | K26: =(INDEX('R1'!$D$3:$U$27,25,13)="Different")+(INDEX('R2'!$D$3:$U$27,25,13)="Different")+(INDEX('R3'!$D$3:$U$27,25,13)="Different") -> 0 | L26: =IF(C26="","",IF(OR(I26>=2,J26>=2,K26>=2),1,0))

Sheet Summary
A1: Measure | B1: Value | C1: N
A2: Feature rows with a human rating (of 125) | B2: =COUNT(Features!O2:O126) -> 0
A3: Direction agreement with Qwen, target feature | B3: =IFERROR(SUMPRODUCT((Features!G2:G126="Y")*(Features!P2:P126=1))/SUMPRODUCT((Features!G2:G126="Y")*(Features!P2:P126<>"")),"") | C3: =SUMPRODUCT((Features!G2:G126="Y")*(Features!P2:P126<>"")) -> 0
A4: Direction agreement with Qwen, all five features | B4: =IFERROR(COUNTIF(Features!P2:P126,1)/COUNT(Features!P2:P126),"") | C4: =COUNT(Features!P2:P126) -> 0
A5: Humans see the rewrite move toward the target | B5: =IFERROR(COUNTIF(Features!Q2:Q126,1)/COUNT(Features!Q2:Q126),"") | C5: =COUNT(Features!Q2:Q126) -> 0
A6: Qwen sees the rewrite move toward the target (same 25 scenes) | B6: =IFERROR(COUNTIF(Features!R2:R126,1)/COUNT(Features!R2:R126),"") -> 0.84 | C6: =COUNT(Features!R2:R126) -> 25
A7: Mean coherence, rewrite minus original (1–5 scale) | B7: =IFERROR(AVERAGE(Quality!E2:E26),"") | C7: =COUNT(Quality!E2:E26) -> 0
A8: Mean acceptability, rewrite minus original (1–5 scale) | B8: =IFERROR(AVERAGE(Quality!H2:H26),"") | C8: =COUNT(Quality!H2:H26) -> 0
A9: Pairs where content changed (≥2 raters chose Different on any item) | B9: =IFERROR(SUM(Quality!L2:L26)/COUNT(Quality!L2:L26),"") | C9: =COUNT(Quality!L2:L26) -> 0
